model_level,objective,candidate_id,order,baseline_r2,best_single_r2
OLS,o_min,m048517_o_min_ord4_rk00003,4.0,0.21830556511390897,
OLS,o_min,m048520_o_min_ord4_rk00006,4.0,0.21830556511390897,
OLS,o_min,m048525_o_min_ord4_rk00011,4.0,0.21830556511390897,
OLS,o_min,m048518_o_min_ord4_rk00004,4.0,0.21830556511390897,
OLS,o_min,m048527_o_min_ord4_rk00013,4.0,0.21830556511390897,
OLS,o_min,m048528_o_min_ord4_rk00014,4.0,0.21830556511390897,
OLS,o_min,m049517_o_min_ord5_rk00003,5.0,0.21830556511390897,
OLS,o_min,m048523_o_min_ord4_rk00009,4.0,0.21830556511390897,
OLS,o_min,m048530_o_min_ord4_rk00016,4.0,0.21830556511390897,
OLS,o_min,m049534_o_min_ord5_rk00020,5.0,0.21830556511390897,
OLS,o_min,m049521_o_min_ord5_rk00007,5.0,0.21830556511390897,
OLS,o_min,m051534_o_min_ord7_rk00020,7.0,0.21830556511390897,
OLS,o_min,m050524_o_min_ord6_rk00010,6.0,0.21830556511390897,
OLS,o_min,m049527_o_min_ord5_rk00013,5.0,0.21830556511390897,
OLS,o_min,m050515_o_min_ord6_rk00001,6.0,0.21830556511390897,
OLS,o_min,m051529_o_min_ord7_rk00015,7.0,0.21830556511390897,
OLS,o_min,m054515_o_min_ord10_rk00001,10.0,0.21830556511390897,
OLS,o_min,m051526_o_min_ord7_rk00012,7.0,0.21830556511390897,
OLS,o_min,m047517_o_min_ord3_rk00003,3.0,0.21830556511390897,
OLS,o_min,m048521_o_min_ord4_rk00007,4.0,0.21830556511390897,
OLS,o_min,m051519_o_min_ord7_rk00005,7.0,0.21830556511390897,
OLS,o_min,m052523_o_min_ord8_rk00009,8.0,0.21830556511390897,
OLS,o_min,m052526_o_min_ord8_rk00012,8.0,0.21830556511390897,
OLS,o_min,m053516_o_min_ord9_rk00002,9.0,0.21830556511390897,
OLS,o_min,m052527_o_min_ord8_rk00013,8.0,0.21830556511390897,
OLS,o_min,m049524_o_min_ord5_rk00010,5.0,0.21830556511390897,
OLS,o_min,m049522_o_min_ord5_rk00008,5.0,0.21830556511390897,
OLS,o_min,m050534_o_min_ord6_rk00020,6.0,0.21830556511390897,
OLS,o_min,m047525_o_min_ord3_rk00011,3.0,0.21830556511390897,
OLS,o_min,m049515_o_min_ord5_rk00001,5.0,0.21830556511390897,
OLS,o_min,m051516_o_min_ord7_rk00002,7.0,0.21830556511390897,
OLS,o_min,m049530_o_min_ord5_rk00016,5.0,0.21830556511390897,
OLS,o_min,m048515_o_min_ord4_rk00001,4.0,0.21830556511390897,
OLS,o_min,m047533_o_min_ord3_rk00019,3.0,0.21830556511390897,
OLS,o_min,m049533_o_min_ord5_rk00019,5.0,0.21830556511390897,
OLS,o_min,m056530_o_min_ord12_rk00016,12.0,0.21830556511390897,
OLS,o_min,m049531_o_min_ord5_rk00017,5.0,0.21830556511390897,
OLS,o_min,m048529_o_min_ord4_rk00015,4.0,0.21830556511390897,
OLS,o_min,m048532_o_min_ord4_rk00018,4.0,0.21830556511390897,
OLS,o_min,m052525_o_min_ord8_rk00011,8.0,0.21830556511390897,
OLS,o_min,m050533_o_min_ord6_rk00019,6.0,0.21830556511390897,
OLS,o_min,m049518_o_min_ord5_rk00004,5.0,0.21830556511390897,
OLS,o_min,m047524_o_min_ord3_rk00010,3.0,0.21830556511390897,
OLS,o_min,m049525_o_min_ord5_rk00011,5.0,0.21830556511390897,
OLS,o_min,m055532_o_min_ord11_rk00018,11.0,0.21830556511390897,
OLS,o_min,m048516_o_min_ord4_rk00002,4.0,0.21830556511390897,
OLS,o_min,m051533_o_min_ord7_rk00019,7.0,0.21830556511390897,
OLS,o_min,m049516_o_min_ord5_rk00002,5.0,0.21830556511390897,
OLS,o_min,m050531_o_min_ord6_rk00017,6.0,0.21830556511390897,
OLS,o_min,m054533_o_min_ord10_rk00019,10.0,0.21830556511390897,
OLS,o_max,m000000_o_max_ord3_rk00001,3.0,0.21830556511390897,
OLS,o_max,m000017_o_max_ord3_rk00018,3.0,0.21830556511390897,
OLS,o_max,m001015_o_max_ord4_rk00016,4.0,0.21830556511390897,
OLS,o_max,m001004_o_max_ord4_rk00005,4.0,0.21830556511390897,
OLS,o_max,m001001_o_max_ord4_rk00002,4.0,0.21830556511390897,
OLS,o_max,m001008_o_max_ord4_rk00009,4.0,0.21830556511390897,
OLS,o_max,m000016_o_max_ord3_rk00017,3.0,0.21830556511390897,
OLS,o_max,m001013_o_max_ord4_rk00014,4.0,0.21830556511390897,
OLS,o_max,m001002_o_max_ord4_rk00003,4.0,0.21830556511390897,
OLS,o_max,m001011_o_max_ord4_rk00012,4.0,0.21830556511390897,
OLS,o_max,m001009_o_max_ord4_rk00010,4.0,0.21830556511390897,
OLS,o_max,m002003_o_max_ord5_rk00004,5.0,0.21830556511390897,
OLS,o_max,m000019_o_max_ord3_rk00020,3.0,0.21830556511390897,
OLS,o_max,m000005_o_max_ord3_rk00006,3.0,0.21830556511390897,
OLS,o_max,m002010_o_max_ord5_rk00011,5.0,0.21830556511390897,
OLS,o_max,m002004_o_max_ord5_rk00005,5.0,0.21830556511390897,
OLS,o_max,m000013_o_max_ord3_rk00014,3.0,0.21830556511390897,
OLS,o_max,m001000_o_max_ord4_rk00001,4.0,0.21830556511390897,
OLS,o_max,m000007_o_max_ord3_rk00008,3.0,0.21830556511390897,
OLS,o_max,m000011_o_max_ord3_rk00012,3.0,0.21830556511390897,
OLS,o_max,m000010_o_max_ord3_rk00011,3.0,0.21830556511390897,
OLS,o_max,m002008_o_max_ord5_rk00009,5.0,0.21830556511390897,
OLS,o_max,m000006_o_max_ord3_rk00007,3.0,0.21830556511390897,
OLS,o_max,m000015_o_max_ord3_rk00016,3.0,0.21830556511390897,
OLS,o_max,m003015_o_max_ord6_rk00016,6.0,0.21830556511390897,
OLS,o_max,m000009_o_max_ord3_rk00010,3.0,0.21830556511390897,
OLS,o_max,m013009_o_max_ord16_rk00010,16.0,0.21830556511390897,
OLS,o_max,m000012_o_max_ord3_rk00013,3.0,0.21830556511390897,
OLS,o_max,m002002_o_max_ord5_rk00003,5.0,0.21830556511390897,
OLS,o_max,m002000_o_max_ord5_rk00001,5.0,0.21830556511390897,
OLS,o_max,m003007_o_max_ord6_rk00008,6.0,0.21830556511390897,
OLS,o_max,m001017_o_max_ord4_rk00018,4.0,0.21830556511390897,
OLS,o_max,m002011_o_max_ord5_rk00012,5.0,0.21830556511390897,
OLS,o_max,m002017_o_max_ord5_rk00018,5.0,0.21830556511390897,
OLS,o_max,m000014_o_max_ord3_rk00015,3.0,0.21830556511390897,
OLS,o_max,m002019_o_max_ord5_rk00020,5.0,0.21830556511390897,
OLS,o_max,m003011_o_max_ord6_rk00012,6.0,0.21830556511390897,
OLS,o_max,m002013_o_max_ord5_rk00014,5.0,0.21830556511390897,
OLS,o_max,m003002_o_max_ord6_rk00003,6.0,0.21830556511390897,
OLS,o_max,m012016_o_max_ord15_rk00017,15.0,0.21830556511390897,
OLS,o_max,m001012_o_max_ord4_rk00013,4.0,0.21830556511390897,
OLS,o_max,m000003_o_max_ord3_rk00004,3.0,0.21830556511390897,
OLS,o_max,m003005_o_max_ord6_rk00006,6.0,0.21830556511390897,
OLS,o_max,m000004_o_max_ord3_rk00005,3.0,0.21830556511390897,
OLS,o_max,m007014_o_max_ord10_rk00015,10.0,0.21830556511390897,
OLS,o_max,m000008_o_max_ord3_rk00009,3.0,0.21830556511390897,
OLS,o_max,m004003_o_max_ord7_rk00004,7.0,0.21830556511390897,
OLS,o_max,m003006_o_max_ord6_rk00007,6.0,0.21830556511390897,
OLS,o_max,m003017_o_max_ord6_rk00018,6.0,0.21830556511390897,
OLS,o_max,m002007_o_max_ord5_rk00008,5.0,0.21830556511390897,
d1,o_min,m048534_o_min_ord4_rk00020,4.0,0.23712987345457692,
d1,o_min,m048531_o_min_ord4_rk00017,4.0,0.23712987345457692,
d1,o_min,m048522_o_min_ord4_rk00008,4.0,0.23712987345457692,
d1,o_min,m061517_o_min_ord17_rk00003,17.0,0.23712987345457692,
d1,o_min,m050530_o_min_ord6_rk00016,6.0,0.23712987345457692,
d1,o_min,m061534_o_min_ord17_rk00020,17.0,0.23712987345457692,
d1,o_min,m047533_o_min_ord3_rk00019,3.0,0.23712987345457692,
d1,o_min,m059518_o_min_ord15_rk00004,15.0,0.23712987345457692,
d1,o_min,m061522_o_min_ord17_rk00008,17.0,0.23712987345457692,
d1,o_min,m061527_o_min_ord17_rk00013,17.0,0.23712987345457692,
d1,o_min,m053531_o_min_ord9_rk00017,9.0,0.23712987345457692,
d1,o_min,m060524_o_min_ord16_rk00010,16.0,0.23712987345457692,
d1,o_min,m052517_o_min_ord8_rk00003,8.0,0.23712987345457692,
d1,o_min,m060527_o_min_ord16_rk00013,16.0,0.23712987345457692,
d1,o_min,m059523_o_min_ord15_rk00009,15.0,0.23712987345457692,
d1,o_min,m048529_o_min_ord4_rk00015,4.0,0.23712987345457692,
d1,o_min,m060522_o_min_ord16_rk00008,16.0,0.23712987345457692,
d1,o_min,m056527_o_min_ord12_rk00013,12.0,0.23712987345457692,
d1,o_min,m052530_o_min_ord8_rk00016,8.0,0.23712987345457692,
d1,o_min,m047520_o_min_ord3_rk00006,3.0,0.23712987345457692,
d1,o_min,m052515_o_min_ord8_rk00001,8.0,0.23712987345457692,
d1,o_min,m074517_o_min_ord30_rk00003,30.0,0.23712987345457692,
d1,o_min,m056517_o_min_ord12_rk00003,12.0,0.23712987345457692,
d1,o_min,m052529_o_min_ord8_rk00015,8.0,0.23712987345457692,
d1,o_min,m048526_o_min_ord4_rk00012,4.0,0.23712987345457692,
d1,o_min,m050519_o_min_ord6_rk00005,6.0,0.23712987345457692,
d1,o_min,m047528_o_min_ord3_rk00014,3.0,0.23712987345457692,
d1,o_min,m051524_o_min_ord7_rk00010,7.0,0.23712987345457692,
d1,o_min,m048523_o_min_ord4_rk00009,4.0,0.23712987345457692,
d1,o_min,m074529_o_min_ord30_rk00015,30.0,0.23712987345457692,
d1,o_min,m059524_o_min_ord15_rk00010,15.0,0.23712987345457692,
d1,o_min,m059521_o_min_ord15_rk00007,15.0,0.23712987345457692,
d1,o_min,m049529_o_min_ord5_rk00015,5.0,0.23712987345457692,
d1,o_min,m069530_o_min_ord25_rk00016,25.0,0.23712987345457692,
d1,o_min,m051527_o_min_ord7_rk00013,7.0,0.23712987345457692,
d1,o_min,m060523_o_min_ord16_rk00009,16.0,0.23712987345457692,
d1,o_min,m057531_o_min_ord13_rk00017,13.0,0.23712987345457692,
d1,o_min,m059516_o_min_ord15_rk00002,15.0,0.23712987345457692,
d1,o_min,m053519_o_min_ord9_rk00005,9.0,0.23712987345457692,
d1,o_min,m060515_o_min_ord16_rk00001,16.0,0.23712987345457692,
d1,o_min,m053534_o_min_ord9_rk00020,9.0,0.23712987345457692,
d1,o_min,m050516_o_min_ord6_rk00002,6.0,0.23712987345457692,
d1,o_min,m058527_o_min_ord14_rk00013,14.0,0.23712987345457692,
d1,o_min,m050532_o_min_ord6_rk00018,6.0,0.23712987345457692,
d1,o_min,m055527_o_min_ord11_rk00013,11.0,0.23712987345457692,
d1,o_min,m050526_o_min_ord6_rk00012,6.0,0.23712987345457692,
d1,o_min,m055526_o_min_ord11_rk00012,11.0,0.23712987345457692,
d1,o_min,m059526_o_min_ord15_rk00012,15.0,0.23712987345457692,
d1,o_min,m061515_o_min_ord17_rk00001,17.0,0.23712987345457692,
d1,o_min,m051530_o_min_ord7_rk00016,7.0,0.23712987345457692,
d1,o_max,m021019_o_max_ord24_rk00020,24.0,0.23712987345457692,
d1,o_max,m019004_o_max_ord22_rk00005,22.0,0.23712987345457692,
d1,o_max,m013003_o_max_ord16_rk00004,16.0,0.23712987345457692,
d1,o_max,m019000_o_max_ord22_rk00001,22.0,0.23712987345457692,
d1,o_max,m018000_o_max_ord21_rk00001,21.0,0.23712987345457692,
d1,o_max,m020004_o_max_ord23_rk00005,23.0,0.23712987345457692,
d1,o_max,m018006_o_max_ord21_rk00007,21.0,0.23712987345457692,
d1,o_max,m015000_o_max_ord18_rk00001,18.0,0.23712987345457692,
d1,o_max,m026018_o_max_ord29_rk00019,29.0,0.23712987345457692,
d1,o_max,m016000_o_max_ord19_rk00001,19.0,0.23712987345457692,
d1,o_max,m020000_o_max_ord23_rk00001,23.0,0.23712987345457692,
d1,o_max,m020007_o_max_ord23_rk00008,23.0,0.23712987345457692,
d1,o_max,m014000_o_max_ord17_rk00001,17.0,0.23712987345457692,
d1,o_max,m019014_o_max_ord22_rk00015,22.0,0.23712987345457692,
d1,o_max,m017011_o_max_ord20_rk00012,20.0,0.23712987345457692,
d1,o_max,m018004_o_max_ord21_rk00005,21.0,0.23712987345457692,
d1,o_max,m020002_o_max_ord23_rk00003,23.0,0.23712987345457692,
d1,o_max,m018015_o_max_ord21_rk00016,21.0,0.23712987345457692,
d1,o_max,m026003_o_max_ord29_rk00004,29.0,0.23712987345457692,
d1,o_max,m017018_o_max_ord20_rk00019,20.0,0.23712987345457692,
d1,o_max,m025000_o_max_ord28_rk00001,28.0,0.23712987345457692,
d1,o_max,m019001_o_max_ord22_rk00002,22.0,0.23712987345457692,
d1,o_max,m022002_o_max_ord25_rk00003,25.0,0.23712987345457692,
d1,o_max,m017000_o_max_ord20_rk00001,20.0,0.23712987345457692,
d1,o_max,m026017_o_max_ord29_rk00018,29.0,0.23712987345457692,
d1,o_max,m024000_o_max_ord27_rk00001,27.0,0.23712987345457692,
d1,o_max,m021010_o_max_ord24_rk00011,24.0,0.23712987345457692,
d1,o_max,m027000_o_max_ord30_rk00001,30.0,0.23712987345457692,
d1,o_max,m025018_o_max_ord28_rk00019,28.0,0.23712987345457692,
d1,o_max,m026001_o_max_ord29_rk00002,29.0,0.23712987345457692,
d1,o_max,m026008_o_max_ord29_rk00009,29.0,0.23712987345457692,
d1,o_max,m020008_o_max_ord23_rk00009,23.0,0.23712987345457692,
d1,o_max,m012012_o_max_ord15_rk00013,15.0,0.23712987345457692,
d1,o_max,m026013_o_max_ord29_rk00014,29.0,0.23712987345457692,
d1,o_max,m000005_o_max_ord3_rk00006,3.0,0.23712987345457692,
d1,o_max,m025003_o_max_ord28_rk00004,28.0,0.23712987345457692,
d1,o_max,m025007_o_max_ord28_rk00008,28.0,0.23712987345457692,
d1,o_max,m022019_o_max_ord25_rk00020,25.0,0.23712987345457692,
d1,o_max,m012004_o_max_ord15_rk00005,15.0,0.23712987345457692,
d1,o_max,m023006_o_max_ord26_rk00007,26.0,0.23712987345457692,
d1,o_max,m026012_o_max_ord29_rk00013,29.0,0.23712987345457692,
d1,o_max,m012000_o_max_ord15_rk00001,15.0,0.23712987345457692,
d1,o_max,m027015_o_max_ord30_rk00016,30.0,0.23712987345457692,
d1,o_max,m025015_o_max_ord28_rk00016,28.0,0.23712987345457692,
d1,o_max,m025017_o_max_ord28_rk00018,28.0,0.23712987345457692,
d1,o_max,m023000_o_max_ord26_rk00001,26.0,0.23712987345457692,
d1,o_max,m026007_o_max_ord29_rk00008,29.0,0.23712987345457692,
d1,o_max,m026015_o_max_ord29_rk00016,29.0,0.23712987345457692,
d1,o_max,m027007_o_max_ord30_rk00008,30.0,0.23712987345457692,
d1,o_max,m025014_o_max_ord28_rk00015,28.0,0.23712987345457692,
d2,o_min,m047520_o_min_ord3_rk00006,3.0,0.2369244826572131,
d2,o_min,m055519_o_min_ord11_rk00005,11.0,0.2369244826572131,
d2,o_min,m050517_o_min_ord6_rk00003,6.0,0.2369244826572131,
d2,o_min,m048517_o_min_ord4_rk00003,4.0,0.2369244826572131,
d2,o_min,m052521_o_min_ord8_rk00007,8.0,0.2369244826572131,
d2,o_min,m049520_o_min_ord5_rk00006,5.0,0.2369244826572131,
d2,o_min,m048520_o_min_ord4_rk00006,4.0,0.2369244826572131,
d2,o_min,m048518_o_min_ord4_rk00004,4.0,0.2369244826572131,
d2,o_min,m061529_o_min_ord17_rk00015,17.0,0.2369244826572131,
d2,o_min,m049524_o_min_ord5_rk00010,5.0,0.2369244826572131,
d2,o_min,m058524_o_min_ord14_rk00010,14.0,0.2369244826572131,
d2,o_min,m065526_o_min_ord21_rk00012,21.0,0.2369244826572131,
d2,o_min,m057525_o_min_ord13_rk00011,13.0,0.2369244826572131,
d2,o_min,m057519_o_min_ord13_rk00005,13.0,0.2369244826572131,
d2,o_min,m053520_o_min_ord9_rk00006,9.0,0.2369244826572131,
d2,o_min,m061524_o_min_ord17_rk00010,17.0,0.2369244826572131,
d2,o_min,m061516_o_min_ord17_rk00002,17.0,0.2369244826572131,
d2,o_min,m048529_o_min_ord4_rk00015,4.0,0.2369244826572131,
d2,o_min,m057521_o_min_ord13_rk00007,13.0,0.2369244826572131,
d2,o_min,m062532_o_min_ord18_rk00018,18.0,0.2369244826572131,
d2,o_min,m049529_o_min_ord5_rk00015,5.0,0.2369244826572131,
d2,o_min,m072530_o_min_ord28_rk00016,28.0,0.2369244826572131,
d2,o_min,m062531_o_min_ord18_rk00017,18.0,0.2369244826572131,
d2,o_min,m062529_o_min_ord18_rk00015,18.0,0.2369244826572131,
d2,o_min,m058526_o_min_ord14_rk00012,14.0,0.2369244826572131,
d2,o_min,m048525_o_min_ord4_rk00011,4.0,0.2369244826572131,
d2,o_min,m061533_o_min_ord17_rk00019,17.0,0.2369244826572131,
d2,o_min,m074517_o_min_ord30_rk00003,30.0,0.2369244826572131,
d2,o_min,m048528_o_min_ord4_rk00014,4.0,0.2369244826572131,
d2,o_min,m063516_o_min_ord19_rk00002,19.0,0.2369244826572131,
d2,o_min,m053531_o_min_ord9_rk00017,9.0,0.2369244826572131,
d2,o_min,m048530_o_min_ord4_rk00016,4.0,0.2369244826572131,
d2,o_min,m072527_o_min_ord28_rk00013,28.0,0.2369244826572131,
d2,o_min,m055527_o_min_ord11_rk00013,11.0,0.2369244826572131,
d2,o_min,m060519_o_min_ord16_rk00005,16.0,0.2369244826572131,
d2,o_min,m061525_o_min_ord17_rk00011,17.0,0.2369244826572131,
d2,o_min,m074519_o_min_ord30_rk00005,30.0,0.2369244826572131,
d2,o_min,m058527_o_min_ord14_rk00013,14.0,0.2369244826572131,
d2,o_min,m060523_o_min_ord16_rk00009,16.0,0.2369244826572131,
d2,o_min,m067532_o_min_ord23_rk00018,23.0,0.2369244826572131,
d2,o_min,m063531_o_min_ord19_rk00017,19.0,0.2369244826572131,
d2,o_min,m062521_o_min_ord18_rk00007,18.0,0.2369244826572131,
d2,o_min,m048523_o_min_ord4_rk00009,4.0,0.2369244826572131,
d2,o_min,m048519_o_min_ord4_rk00005,4.0,0.2369244826572131,
d2,o_min,m052531_o_min_ord8_rk00017,8.0,0.2369244826572131,
d2,o_min,m051520_o_min_ord7_rk00006,7.0,0.2369244826572131,
d2,o_min,m058533_o_min_ord14_rk00019,14.0,0.2369244826572131,
d2,o_min,m052532_o_min_ord8_rk00018,8.0,0.2369244826572131,
d2,o_min,m056517_o_min_ord12_rk00003,12.0,0.2369244826572131,
d2,o_min,m063523_o_min_ord19_rk00009,19.0,0.2369244826572131,
d2,o_max,m025007_o_max_ord28_rk00008,28.0,0.2369244826572131,
d2,o_max,m025003_o_max_ord28_rk00004,28.0,0.2369244826572131,
d2,o_max,m023006_o_max_ord26_rk00007,26.0,0.2369244826572131,
d2,o_max,m023009_o_max_ord26_rk00010,26.0,0.2369244826572131,
d2,o_max,m026018_o_max_ord29_rk00019,29.0,0.2369244826572131,
d2,o_max,m025002_o_max_ord28_rk00003,28.0,0.2369244826572131,
d2,o_max,m026005_o_max_ord29_rk00006,29.0,0.2369244826572131,
d2,o_max,m026007_o_max_ord29_rk00008,29.0,0.2369244826572131,
d2,o_max,m026012_o_max_ord29_rk00013,29.0,0.2369244826572131,
d2,o_max,m027008_o_max_ord30_rk00009,30.0,0.2369244826572131,
d2,o_max,m025017_o_max_ord28_rk00018,28.0,0.2369244826572131,
d2,o_max,m021015_o_max_ord24_rk00016,24.0,0.2369244826572131,
d2,o_max,m026017_o_max_ord29_rk00018,29.0,0.2369244826572131,
d2,o_max,m018017_o_max_ord21_rk00018,21.0,0.2369244826572131,
d2,o_max,m022014_o_max_ord25_rk00015,25.0,0.2369244826572131,
d2,o_max,m022010_o_max_ord25_rk00011,25.0,0.2369244826572131,
d2,o_max,m020013_o_max_ord23_rk00014,23.0,0.2369244826572131,
d2,o_max,m027019_o_max_ord30_rk00020,30.0,0.2369244826572131,
d2,o_max,m019009_o_max_ord22_rk00010,22.0,0.2369244826572131,
d2,o_max,m026000_o_max_ord29_rk00001,29.0,0.2369244826572131,
d2,o_max,m020007_o_max_ord23_rk00008,23.0,0.2369244826572131,
d2,o_max,m019001_o_max_ord22_rk00002,22.0,0.2369244826572131,
d2,o_max,m019004_o_max_ord22_rk00005,22.0,0.2369244826572131,
d2,o_max,m019014_o_max_ord22_rk00015,22.0,0.2369244826572131,
d2,o_max,m014000_o_max_ord17_rk00001,17.0,0.2369244826572131,
d2,o_max,m026003_o_max_ord29_rk00004,29.0,0.2369244826572131,
d2,o_max,m020004_o_max_ord23_rk00005,23.0,0.2369244826572131,
d2,o_max,m026013_o_max_ord29_rk00014,29.0,0.2369244826572131,
d2,o_max,m023011_o_max_ord26_rk00012,26.0,0.2369244826572131,
d2,o_max,m026008_o_max_ord29_rk00009,29.0,0.2369244826572131,
d2,o_max,m026009_o_max_ord29_rk00010,29.0,0.2369244826572131,
d2,o_max,m024001_o_max_ord27_rk00002,27.0,0.2369244826572131,
d2,o_max,m016000_o_max_ord19_rk00001,19.0,0.2369244826572131,
d2,o_max,m020002_o_max_ord23_rk00003,23.0,0.2369244826572131,
d2,o_max,m027007_o_max_ord30_rk00008,30.0,0.2369244826572131,
d2,o_max,m024013_o_max_ord27_rk00014,27.0,0.2369244826572131,
d2,o_max,m025014_o_max_ord28_rk00015,28.0,0.2369244826572131,
d2,o_max,m020008_o_max_ord23_rk00009,23.0,0.2369244826572131,
d2,o_max,m019000_o_max_ord22_rk00001,22.0,0.2369244826572131,
d2,o_max,m017000_o_max_ord20_rk00001,20.0,0.2369244826572131,
d2,o_max,m027005_o_max_ord30_rk00006,30.0,0.2369244826572131,
d2,o_max,m027002_o_max_ord30_rk00003,30.0,0.2369244826572131,
d2,o_max,m026002_o_max_ord29_rk00003,29.0,0.2369244826572131,
d2,o_max,m018003_o_max_ord21_rk00004,21.0,0.2369244826572131,
d2,o_max,m026019_o_max_ord29_rk00020,29.0,0.2369244826572131,
d2,o_max,m025015_o_max_ord28_rk00016,28.0,0.2369244826572131,
d2,o_max,m025008_o_max_ord28_rk00009,28.0,0.2369244826572131,
d2,o_max,m020015_o_max_ord23_rk00016,23.0,0.2369244826572131,
d2,o_max,m020000_o_max_ord23_rk00001,23.0,0.2369244826572131,
d2,o_max,m025004_o_max_ord28_rk00005,28.0,0.2369244826572131,
d3,o_min,m048530_o_min_ord4_rk00016,4.0,0.24317347266855183,
d3,o_min,m049520_o_min_ord5_rk00006,5.0,0.24317347266855183,
d3,o_min,m049529_o_min_ord5_rk00015,5.0,0.24317347266855183,
d3,o_min,m066519_o_min_ord22_rk00005,22.0,0.24317347266855183,
d3,o_min,m049524_o_min_ord5_rk00010,5.0,0.24317347266855183,
d3,o_min,m066523_o_min_ord22_rk00009,22.0,0.24317347266855183,
d3,o_min,m062529_o_min_ord18_rk00015,18.0,0.24317347266855183,
d3,o_min,m062532_o_min_ord18_rk00018,18.0,0.24317347266855183,
d3,o_min,m072528_o_min_ord28_rk00014,28.0,0.24317347266855183,
d3,o_min,m048529_o_min_ord4_rk00015,4.0,0.24317347266855183,
d3,o_min,m048517_o_min_ord4_rk00003,4.0,0.24317347266855183,
d3,o_min,m048520_o_min_ord4_rk00006,4.0,0.24317347266855183,
d3,o_min,m063532_o_min_ord19_rk00018,19.0,0.24317347266855183,
d3,o_min,m066520_o_min_ord22_rk00006,22.0,0.24317347266855183,
d3,o_min,m048521_o_min_ord4_rk00007,4.0,0.24317347266855183,
d3,o_min,m047517_o_min_ord3_rk00003,3.0,0.24317347266855183,
d3,o_min,m060531_o_min_ord16_rk00017,16.0,0.24317347266855183,
d3,o_min,m063525_o_min_ord19_rk00011,19.0,0.24317347266855183,
d3,o_min,m052530_o_min_ord8_rk00016,8.0,0.24317347266855183,
d3,o_min,m048518_o_min_ord4_rk00004,4.0,0.24317347266855183,
d3,o_min,m047533_o_min_ord3_rk00019,3.0,0.24317347266855183,
d3,o_min,m063534_o_min_ord19_rk00020,19.0,0.24317347266855183,
d3,o_min,m051527_o_min_ord7_rk00013,7.0,0.24317347266855183,
d3,o_min,m048525_o_min_ord4_rk00011,4.0,0.24317347266855183,
d3,o_min,m064523_o_min_ord20_rk00009,20.0,0.24317347266855183,
d3,o_min,m064521_o_min_ord20_rk00007,20.0,0.24317347266855183,
d3,o_min,m052529_o_min_ord8_rk00015,8.0,0.24317347266855183,
d3,o_min,m064532_o_min_ord20_rk00018,20.0,0.24317347266855183,
d3,o_min,m065531_o_min_ord21_rk00017,21.0,0.24317347266855183,
d3,o_min,m066528_o_min_ord22_rk00014,22.0,0.24317347266855183,
d3,o_min,m066533_o_min_ord22_rk00019,22.0,0.24317347266855183,
d3,o_min,m061525_o_min_ord17_rk00011,17.0,0.24317347266855183,
d3,o_min,m048523_o_min_ord4_rk00009,4.0,0.24317347266855183,
d3,o_min,m055527_o_min_ord11_rk00013,11.0,0.24317347266855183,
d3,o_min,m056527_o_min_ord12_rk00013,12.0,0.24317347266855183,
d3,o_min,m064518_o_min_ord20_rk00004,20.0,0.24317347266855183,
d3,o_min,m052532_o_min_ord8_rk00018,8.0,0.24317347266855183,
d3,o_min,m047532_o_min_ord3_rk00018,3.0,0.24317347266855183,
d3,o_min,m047520_o_min_ord3_rk00006,3.0,0.24317347266855183,
d3,o_min,m064526_o_min_ord20_rk00012,20.0,0.24317347266855183,
d3,o_min,m048516_o_min_ord4_rk00002,4.0,0.24317347266855183,
d3,o_min,m074529_o_min_ord30_rk00015,30.0,0.24317347266855183,
d3,o_min,m068532_o_min_ord24_rk00018,24.0,0.24317347266855183,
d3,o_min,m051524_o_min_ord7_rk00010,7.0,0.24317347266855183,
d3,o_min,m052533_o_min_ord8_rk00019,8.0,0.24317347266855183,
d3,o_min,m072515_o_min_ord28_rk00001,28.0,0.24317347266855183,
d3,o_min,m061520_o_min_ord17_rk00006,17.0,0.24317347266855183,
d3,o_min,m063517_o_min_ord19_rk00003,19.0,0.24317347266855183,
d3,o_min,m051528_o_min_ord7_rk00014,7.0,0.24317347266855183,
d3,o_min,m047531_o_min_ord3_rk00017,3.0,0.24317347266855183,
d3,o_max,m026012_o_max_ord29_rk00013,29.0,0.24317347266855183,
d3,o_max,m025008_o_max_ord28_rk00009,28.0,0.24317347266855183,
d3,o_max,m026005_o_max_ord29_rk00006,29.0,0.24317347266855183,
d3,o_max,m024001_o_max_ord27_rk00002,27.0,0.24317347266855183,
d3,o_max,m026019_o_max_ord29_rk00020,29.0,0.24317347266855183,
d3,o_max,m020013_o_max_ord23_rk00014,23.0,0.24317347266855183,
d3,o_max,m026011_o_max_ord29_rk00012,29.0,0.24317347266855183,
d3,o_max,m027019_o_max_ord30_rk00020,30.0,0.24317347266855183,
d3,o_max,m026007_o_max_ord29_rk00008,29.0,0.24317347266855183,
d3,o_max,m023006_o_max_ord26_rk00007,26.0,0.24317347266855183,
d3,o_max,m023009_o_max_ord26_rk00010,26.0,0.24317347266855183,
d3,o_max,m022010_o_max_ord25_rk00011,25.0,0.24317347266855183,
d3,o_max,m023001_o_max_ord26_rk00002,26.0,0.24317347266855183,
d3,o_max,m020015_o_max_ord23_rk00016,23.0,0.24317347266855183,
d3,o_max,m024016_o_max_ord27_rk00017,27.0,0.24317347266855183,
d3,o_max,m027008_o_max_ord30_rk00009,30.0,0.24317347266855183,
d3,o_max,m023007_o_max_ord26_rk00008,26.0,0.24317347266855183,
d3,o_max,m025003_o_max_ord28_rk00004,28.0,0.24317347266855183,
d3,o_max,m027018_o_max_ord30_rk00019,30.0,0.24317347266855183,
d3,o_max,m026017_o_max_ord29_rk00018,29.0,0.24317347266855183,
d3,o_max,m026009_o_max_ord29_rk00010,29.0,0.24317347266855183,
d3,o_max,m022012_o_max_ord25_rk00013,25.0,0.24317347266855183,
d3,o_max,m026002_o_max_ord29_rk00003,29.0,0.24317347266855183,
d3,o_max,m025007_o_max_ord28_rk00008,28.0,0.24317347266855183,
d3,o_max,m025002_o_max_ord28_rk00003,28.0,0.24317347266855183,
d3,o_max,m024013_o_max_ord27_rk00014,27.0,0.24317347266855183,
d3,o_max,m018017_o_max_ord21_rk00018,21.0,0.24317347266855183,
d3,o_max,m026008_o_max_ord29_rk00009,29.0,0.24317347266855183,
d3,o_max,m023015_o_max_ord26_rk00016,26.0,0.24317347266855183,
d3,o_max,m019009_o_max_ord22_rk00010,22.0,0.24317347266855183,
d3,o_max,m018006_o_max_ord21_rk00007,21.0,0.24317347266855183,
d3,o_max,m023004_o_max_ord26_rk00005,26.0,0.24317347266855183,
d3,o_max,m026018_o_max_ord29_rk00019,29.0,0.24317347266855183,
d3,o_max,m027011_o_max_ord30_rk00012,30.0,0.24317347266855183,
d3,o_max,m023011_o_max_ord26_rk00012,26.0,0.24317347266855183,
d3,o_max,m021015_o_max_ord24_rk00016,24.0,0.24317347266855183,
d3,o_max,m018000_o_max_ord21_rk00001,21.0,0.24317347266855183,
d3,o_max,m014000_o_max_ord17_rk00001,17.0,0.24317347266855183,
d3,o_max,m025017_o_max_ord28_rk00018,28.0,0.24317347266855183,
d3,o_max,m020002_o_max_ord23_rk00003,23.0,0.24317347266855183,
d3,o_max,m026006_o_max_ord29_rk00007,29.0,0.24317347266855183,
d3,o_max,m012016_o_max_ord15_rk00017,15.0,0.24317347266855183,
d3,o_max,m021018_o_max_ord24_rk00019,24.0,0.24317347266855183,
d3,o_max,m027006_o_max_ord30_rk00007,30.0,0.24317347266855183,
d3,o_max,m021011_o_max_ord24_rk00012,24.0,0.24317347266855183,
d3,o_max,m027003_o_max_ord30_rk00004,30.0,0.24317347266855183,
d3,o_max,m026003_o_max_ord29_rk00004,29.0,0.24317347266855183,
d3,o_max,m022013_o_max_ord25_rk00014,25.0,0.24317347266855183,
d3,o_max,m022017_o_max_ord25_rk00018,25.0,0.24317347266855183,
d3,o_max,m015000_o_max_ord18_rk00001,18.0,0.24317347266855183,
