model_level,objective,candidate_id,full_r2,baseline_r2,best_single_r2
OLS,o_min,m050526_o_min_ord6_rk00012,0.43299704937131556,0.4356486069738752,0.4466711121222795
OLS,o_min,m049528_o_min_ord5_rk00014,0.42853578482823185,0.4356486069738752,0.4466711121222795
OLS,o_min,m050523_o_min_ord6_rk00009,0.42684245887230765,0.4356486069738752,0.4466711121222795
OLS,o_min,m047524_o_min_ord3_rk00010,0.42577750235083234,0.4356486069738752,0.4466711121222795
OLS,o_min,m047533_o_min_ord3_rk00019,0.42400446194939556,0.4356486069738752,0.4466711121222795
OLS,o_min,m049518_o_min_ord5_rk00004,0.4228587132548228,0.4356486069738752,0.4466711121222795
OLS,o_min,m049523_o_min_ord5_rk00009,0.42258545200006836,0.4356486069738752,0.4466711121222795
OLS,o_min,m049522_o_min_ord5_rk00008,0.4222779790906802,0.4356486069738752,0.4466711121222795
OLS,o_min,m047522_o_min_ord3_rk00008,0.4195443484437015,0.4356486069738752,0.4466711121222795
OLS,o_min,m048515_o_min_ord4_rk00001,0.41745488545040876,0.4356486069738752,0.4466711121222795
OLS,o_min,m047527_o_min_ord3_rk00013,0.41158227651343304,0.4356486069738752,0.4466711121222795
OLS,o_min,m047518_o_min_ord3_rk00004,0.410760524010335,0.4356486069738752,0.4466711121222795
OLS,o_min,m047516_o_min_ord3_rk00002,0.4106726688061638,0.4356486069738752,0.4466711121222795
OLS,o_min,m047521_o_min_ord3_rk00007,0.41050179809196485,0.4356486069738752,0.4466711121222795
OLS,o_min,m051534_o_min_ord7_rk00020,0.40302798533010975,0.4356486069738752,0.4466711121222795
OLS,o_min,m049519_o_min_ord5_rk00005,0.4027736553376964,0.4356486069738752,0.4466711121222795
OLS,o_min,m047523_o_min_ord3_rk00009,0.4020565276625464,0.4356486069738752,0.4466711121222795
OLS,o_min,m047534_o_min_ord3_rk00020,0.401947574338547,0.4356486069738752,0.4466711121222795
OLS,o_min,m047525_o_min_ord3_rk00011,0.3989759669384668,0.4356486069738752,0.4466711121222795
OLS,o_min,m050520_o_min_ord6_rk00006,0.3960377129238678,0.4356486069738752,0.4466711121222795
OLS,o_min,m051526_o_min_ord7_rk00012,0.39582656890234025,0.4356486069738752,0.4466711121222795
OLS,o_min,m048529_o_min_ord4_rk00015,0.3957817742473889,0.4356486069738752,0.4466711121222795
OLS,o_min,m050524_o_min_ord6_rk00010,0.3942958353146001,0.4356486069738752,0.4466711121222795
OLS,o_min,m050522_o_min_ord6_rk00008,0.39404145616125963,0.4356486069738752,0.4466711121222795
OLS,o_min,m052515_o_min_ord8_rk00001,0.3939674152031257,0.4356486069738752,0.4466711121222795
OLS,o_min,m047532_o_min_ord3_rk00018,0.3920027485681097,0.4356486069738752,0.4466711121222795
OLS,o_min,m049525_o_min_ord5_rk00011,0.39169790548434125,0.4356486069738752,0.4466711121222795
OLS,o_min,m050534_o_min_ord6_rk00020,0.391039347138865,0.4356486069738752,0.4466711121222795
OLS,o_min,m049526_o_min_ord5_rk00012,0.3902417486307723,0.4356486069738752,0.4466711121222795
OLS,o_min,m049527_o_min_ord5_rk00013,0.3895270916332413,0.4356486069738752,0.4466711121222795
OLS,o_min,m050533_o_min_ord6_rk00019,0.38790652617269006,0.4356486069738752,0.4466711121222795
OLS,o_min,m049515_o_min_ord5_rk00001,0.38789608178724433,0.4356486069738752,0.4466711121222795
OLS,o_min,m052525_o_min_ord8_rk00011,0.3872958956716419,0.4356486069738752,0.4466711121222795
OLS,o_min,m049534_o_min_ord5_rk00020,0.38355738953815977,0.4356486069738752,0.4466711121222795
OLS,o_min,m047517_o_min_ord3_rk00003,0.38323360011485397,0.4356486069738752,0.4466711121222795
OLS,o_min,m048532_o_min_ord4_rk00018,0.38314553801915907,0.4356486069738752,0.4466711121222795
OLS,o_min,m050525_o_min_ord6_rk00011,0.38238013875736776,0.4356486069738752,0.4466711121222795
OLS,o_min,m047529_o_min_ord3_rk00015,0.3795936563691943,0.4356486069738752,0.4466711121222795
OLS,o_min,m049533_o_min_ord5_rk00019,0.3754983613744909,0.4356486069738752,0.4466711121222795
OLS,o_min,m051529_o_min_ord7_rk00015,0.3747142641889426,0.4356486069738752,0.4466711121222795
OLS,o_min,m051517_o_min_ord7_rk00003,0.37154727351761485,0.4356486069738752,0.4466711121222795
OLS,o_min,m050519_o_min_ord6_rk00005,0.36655897149563443,0.4356486069738752,0.4466711121222795
OLS,o_min,m053520_o_min_ord9_rk00006,0.36447111638223817,0.4356486069738752,0.4466711121222795
OLS,o_min,m052528_o_min_ord8_rk00014,0.36187344129994903,0.4356486069738752,0.4466711121222795
OLS,o_min,m052522_o_min_ord8_rk00008,0.3610652435395524,0.4356486069738752,0.4466711121222795
OLS,o_min,m052517_o_min_ord8_rk00003,0.35970272455646135,0.4356486069738752,0.4466711121222795
OLS,o_min,m050515_o_min_ord6_rk00001,0.35888121033384013,0.4356486069738752,0.4466711121222795
OLS,o_min,m053533_o_min_ord9_rk00019,0.35613897939810746,0.4356486069738752,0.4466711121222795
OLS,o_min,m052520_o_min_ord8_rk00006,0.3559118183317569,0.4356486069738752,0.4466711121222795
OLS,o_min,m050521_o_min_ord6_rk00007,0.3491233375513818,0.4356486069738752,0.4466711121222795
OLS,o_max,m000015_o_max_ord3_rk00016,0.431220000494668,0.4356486069738752,0.4466711121222795
OLS,o_max,m000002_o_max_ord3_rk00003,0.426784513282653,0.4356486069738752,0.4466711121222795
OLS,o_max,m000006_o_max_ord3_rk00007,0.4263328863226924,0.4356486069738752,0.4466711121222795
OLS,o_max,m000003_o_max_ord3_rk00004,0.4249093545124668,0.4356486069738752,0.4466711121222795
OLS,o_max,m000014_o_max_ord3_rk00015,0.4244838675238811,0.4356486069738752,0.4466711121222795
OLS,o_max,m002016_o_max_ord5_rk00017,0.4232675947632867,0.4356486069738752,0.4466711121222795
OLS,o_max,m000011_o_max_ord3_rk00012,0.4232546941719053,0.4356486069738752,0.4466711121222795
OLS,o_max,m001014_o_max_ord4_rk00015,0.4222710436319469,0.4356486069738752,0.4466711121222795
OLS,o_max,m000000_o_max_ord3_rk00001,0.4214235609181253,0.4356486069738752,0.4466711121222795
OLS,o_max,m001016_o_max_ord4_rk00017,0.42102367197563884,0.4356486069738752,0.4466711121222795
OLS,o_max,m001003_o_max_ord4_rk00004,0.42075041501548305,0.4356486069738752,0.4466711121222795
OLS,o_max,m000018_o_max_ord3_rk00019,0.4203856182638571,0.4356486069738752,0.4466711121222795
OLS,o_max,m000004_o_max_ord3_rk00005,0.4195995628600456,0.4356486069738752,0.4466711121222795
OLS,o_max,m000019_o_max_ord3_rk00020,0.41939867826233956,0.4356486069738752,0.4466711121222795
OLS,o_max,m000017_o_max_ord3_rk00018,0.41913532444040313,0.4356486069738752,0.4466711121222795
OLS,o_max,m000012_o_max_ord3_rk00013,0.4183791868301434,0.4356486069738752,0.4466711121222795
OLS,o_max,m000008_o_max_ord3_rk00009,0.41768956530859125,0.4356486069738752,0.4466711121222795
OLS,o_max,m000010_o_max_ord3_rk00011,0.4174036466274874,0.4356486069738752,0.4466711121222795
OLS,o_max,m001000_o_max_ord4_rk00001,0.4171703375261695,0.4356486069738752,0.4466711121222795
OLS,o_max,m000007_o_max_ord3_rk00008,0.4154525484413155,0.4356486069738752,0.4466711121222795
OLS,o_max,m001006_o_max_ord4_rk00007,0.4149173769843266,0.4356486069738752,0.4466711121222795
OLS,o_max,m000009_o_max_ord3_rk00010,0.4138635673464792,0.4356486069738752,0.4466711121222795
OLS,o_max,m001018_o_max_ord4_rk00019,0.41347623269520417,0.4356486069738752,0.4466711121222795
OLS,o_max,m001008_o_max_ord4_rk00009,0.4134580237366826,0.4356486069738752,0.4466711121222795
OLS,o_max,m000013_o_max_ord3_rk00014,0.4132112140156061,0.4356486069738752,0.4466711121222795
OLS,o_max,m000016_o_max_ord3_rk00017,0.4121067320506222,0.4356486069738752,0.4466711121222795
OLS,o_max,m001013_o_max_ord4_rk00014,0.4115323070767184,0.4356486069738752,0.4466711121222795
OLS,o_max,m002005_o_max_ord5_rk00006,0.4062251893188117,0.4356486069738752,0.4466711121222795
OLS,o_max,m002004_o_max_ord5_rk00005,0.40604375883217747,0.4356486069738752,0.4466711121222795
OLS,o_max,m001004_o_max_ord4_rk00005,0.4059162529640754,0.4356486069738752,0.4466711121222795
OLS,o_max,m002010_o_max_ord5_rk00011,0.4052963486921213,0.4356486069738752,0.4466711121222795
OLS,o_max,m001001_o_max_ord4_rk00002,0.4052300226469626,0.4356486069738752,0.4466711121222795
OLS,o_max,m001011_o_max_ord4_rk00012,0.403655851989299,0.4356486069738752,0.4466711121222795
OLS,o_max,m001010_o_max_ord4_rk00011,0.40317464591671126,0.4356486069738752,0.4466711121222795
OLS,o_max,m002002_o_max_ord5_rk00003,0.40314972148421735,0.4356486069738752,0.4466711121222795
OLS,o_max,m002015_o_max_ord5_rk00016,0.4025076342269138,0.4356486069738752,0.4466711121222795
OLS,o_max,m002006_o_max_ord5_rk00007,0.4025050968627102,0.4356486069738752,0.4466711121222795
OLS,o_max,m002000_o_max_ord5_rk00001,0.4020654591410475,0.4356486069738752,0.4466711121222795
OLS,o_max,m001005_o_max_ord4_rk00006,0.4020178075611508,0.4356486069738752,0.4466711121222795
OLS,o_max,m003001_o_max_ord6_rk00002,0.4019931620404773,0.4356486069738752,0.4466711121222795
OLS,o_max,m001015_o_max_ord4_rk00016,0.4019870611290155,0.4356486069738752,0.4466711121222795
OLS,o_max,m001002_o_max_ord4_rk00003,0.40035743384961464,0.4356486069738752,0.4466711121222795
OLS,o_max,m000001_o_max_ord3_rk00002,0.39967148937220076,0.4356486069738752,0.4466711121222795
OLS,o_max,m002008_o_max_ord5_rk00009,0.39893978472130287,0.4356486069738752,0.4466711121222795
OLS,o_max,m000005_o_max_ord3_rk00006,0.39820999562770076,0.4356486069738752,0.4466711121222795
OLS,o_max,m003013_o_max_ord6_rk00014,0.39801357742418153,0.4356486069738752,0.4466711121222795
OLS,o_max,m001017_o_max_ord4_rk00018,0.3974479869197559,0.4356486069738752,0.4466711121222795
OLS,o_max,m001009_o_max_ord4_rk00010,0.39606283578505774,0.4356486069738752,0.4466711121222795
OLS,o_max,m002012_o_max_ord5_rk00013,0.39559943232446904,0.4356486069738752,0.4466711121222795
OLS,o_max,m002001_o_max_ord5_rk00002,0.39549191681618046,0.4356486069738752,0.4466711121222795
d1,o_min,m049526_o_min_ord5_rk00012,0.4414669738504089,0.4296994627244175,0.4429582062713171
d1,o_min,m051516_o_min_ord7_rk00002,0.43811524361035603,0.4296994627244175,0.4429582062713171
d1,o_min,m050525_o_min_ord6_rk00011,0.43803117453162865,0.4296994627244175,0.4429582062713171
d1,o_min,m050526_o_min_ord6_rk00012,0.43482581193023917,0.4296994627244175,0.4429582062713171
d1,o_min,m050520_o_min_ord6_rk00006,0.4346690806229796,0.4296994627244175,0.4429582062713171
d1,o_min,m052525_o_min_ord8_rk00011,0.43349647164604466,0.4296994627244175,0.4429582062713171
d1,o_min,m050522_o_min_ord6_rk00008,0.432789170220915,0.4296994627244175,0.4429582062713171
d1,o_min,m061519_o_min_ord17_rk00005,0.43267062862863137,0.4296994627244175,0.4429582062713171
d1,o_min,m057531_o_min_ord13_rk00017,0.4326404283104939,0.4296994627244175,0.4429582062713171
d1,o_min,m050519_o_min_ord6_rk00005,0.4326260250977525,0.4296994627244175,0.4429582062713171
d1,o_min,m051519_o_min_ord7_rk00005,0.43258575511822306,0.4296994627244175,0.4429582062713171
d1,o_min,m057525_o_min_ord13_rk00011,0.4325021651118035,0.4296994627244175,0.4429582062713171
d1,o_min,m056529_o_min_ord12_rk00015,0.4323934780374914,0.4296994627244175,0.4429582062713171
d1,o_min,m051533_o_min_ord7_rk00019,0.43178852281377456,0.4296994627244175,0.4429582062713171
d1,o_min,m061526_o_min_ord17_rk00012,0.43128020552275703,0.4296994627244175,0.4429582062713171
d1,o_min,m050533_o_min_ord6_rk00019,0.43107192976420683,0.4296994627244175,0.4429582062713171
d1,o_min,m061522_o_min_ord17_rk00008,0.4310565267169387,0.4296994627244175,0.4429582062713171
d1,o_min,m048526_o_min_ord4_rk00012,0.4310040797646717,0.4296994627244175,0.4429582062713171
d1,o_min,m060518_o_min_ord16_rk00004,0.4307995364883377,0.4296994627244175,0.4429582062713171
d1,o_min,m047528_o_min_ord3_rk00014,0.43062544518565715,0.4296994627244175,0.4429582062713171
d1,o_min,m049528_o_min_ord5_rk00014,0.430299388434922,0.4296994627244175,0.4429582062713171
d1,o_min,m050515_o_min_ord6_rk00001,0.4300661614467851,0.4296994627244175,0.4429582062713171
d1,o_min,m061515_o_min_ord17_rk00001,0.4299375460482151,0.4296994627244175,0.4429582062713171
d1,o_min,m063522_o_min_ord19_rk00008,0.4298693865466163,0.4296994627244175,0.4429582062713171
d1,o_min,m060531_o_min_ord16_rk00017,0.4297832870950853,0.4296994627244175,0.4429582062713171
d1,o_min,m060515_o_min_ord16_rk00001,0.429712656169151,0.4296994627244175,0.4429582062713171
d1,o_min,m047527_o_min_ord3_rk00013,0.429676889632298,0.4296994627244175,0.4429582062713171
d1,o_min,m047526_o_min_ord3_rk00012,0.4296431893171988,0.4296994627244175,0.4429582062713171
d1,o_min,m051525_o_min_ord7_rk00011,0.42962519720049575,0.4296994627244175,0.4429582062713171
d1,o_min,m047534_o_min_ord3_rk00020,0.4296166476057349,0.4296994627244175,0.4429582062713171
d1,o_min,m061527_o_min_ord17_rk00013,0.4292054722817794,0.4296994627244175,0.4429582062713171
d1,o_min,m048524_o_min_ord4_rk00010,0.42917346627136355,0.4296994627244175,0.4429582062713171
d1,o_min,m053530_o_min_ord9_rk00016,0.42899185804336915,0.4296994627244175,0.4429582062713171
d1,o_min,m059518_o_min_ord15_rk00004,0.42879187908923755,0.4296994627244175,0.4429582062713171
d1,o_min,m053533_o_min_ord9_rk00019,0.42870082807942833,0.4296994627244175,0.4429582062713171
d1,o_min,m059528_o_min_ord15_rk00014,0.4286955489620189,0.4296994627244175,0.4429582062713171
d1,o_min,m057517_o_min_ord13_rk00003,0.42851423894406504,0.4296994627244175,0.4429582062713171
d1,o_min,m061531_o_min_ord17_rk00017,0.4285070802358125,0.4296994627244175,0.4429582062713171
d1,o_min,m059532_o_min_ord15_rk00018,0.4284250667894375,0.4296994627244175,0.4429582062713171
d1,o_min,m048533_o_min_ord4_rk00019,0.4284000342641844,0.4296994627244175,0.4429582062713171
d1,o_min,m051515_o_min_ord7_rk00001,0.42837130821572855,0.4296994627244175,0.4429582062713171
d1,o_min,m060521_o_min_ord16_rk00007,0.42816810863855204,0.4296994627244175,0.4429582062713171
d1,o_min,m060519_o_min_ord16_rk00005,0.42815540543911745,0.4296994627244175,0.4429582062713171
d1,o_min,m055516_o_min_ord11_rk00002,0.4281508815823949,0.4296994627244175,0.4429582062713171
d1,o_min,m047524_o_min_ord3_rk00010,0.42812156426305925,0.4296994627244175,0.4429582062713171
d1,o_min,m051534_o_min_ord7_rk00020,0.4281166600469055,0.4296994627244175,0.4429582062713171
d1,o_min,m059526_o_min_ord15_rk00012,0.4280367179494824,0.4296994627244175,0.4429582062713171
d1,o_min,m060527_o_min_ord16_rk00013,0.42799788998519195,0.4296994627244175,0.4429582062713171
d1,o_min,m058534_o_min_ord14_rk00020,0.4279635897722788,0.4296994627244175,0.4429582062713171
d1,o_min,m055530_o_min_ord11_rk00016,0.42784394364265665,0.4296994627244175,0.4429582062713171
d1,o_max,m003016_o_max_ord6_rk00017,0.4377678441476358,0.4296994627244175,0.4429582062713171
d1,o_max,m006005_o_max_ord9_rk00006,0.4353223191612994,0.4296994627244175,0.4429582062713171
d1,o_max,m001000_o_max_ord4_rk00001,0.4352311888659116,0.4296994627244175,0.4429582062713171
d1,o_max,m001006_o_max_ord4_rk00007,0.43513435991431515,0.4296994627244175,0.4429582062713171
d1,o_max,m002011_o_max_ord5_rk00012,0.43502770600688456,0.4296994627244175,0.4429582062713171
d1,o_max,m000002_o_max_ord3_rk00003,0.4344376371530455,0.4296994627244175,0.4429582062713171
d1,o_max,m000011_o_max_ord3_rk00012,0.4343897068718896,0.4296994627244175,0.4429582062713171
d1,o_max,m000000_o_max_ord3_rk00001,0.43429885810945545,0.4296994627244175,0.4429582062713171
d1,o_max,m003009_o_max_ord6_rk00010,0.43419675228225785,0.4296994627244175,0.4429582062713171
d1,o_max,m005004_o_max_ord8_rk00005,0.4341490200499559,0.4296994627244175,0.4429582062713171
d1,o_max,m001002_o_max_ord4_rk00003,0.4340015818604117,0.4296994627244175,0.4429582062713171
d1,o_max,m004008_o_max_ord7_rk00009,0.4339945104968499,0.4296994627244175,0.4429582062713171
d1,o_max,m001008_o_max_ord4_rk00009,0.43382291193644373,0.4296994627244175,0.4429582062713171
d1,o_max,m005001_o_max_ord8_rk00002,0.43372216616863746,0.4296994627244175,0.4429582062713171
d1,o_max,m013012_o_max_ord16_rk00013,0.4336635492107579,0.4296994627244175,0.4429582062713171
d1,o_max,m005014_o_max_ord8_rk00015,0.4333470690519222,0.4296994627244175,0.4429582062713171
d1,o_max,m000017_o_max_ord3_rk00018,0.4333058289692078,0.4296994627244175,0.4429582062713171
d1,o_max,m000018_o_max_ord3_rk00019,0.433223800908617,0.4296994627244175,0.4429582062713171
d1,o_max,m001013_o_max_ord4_rk00014,0.43309948444648505,0.4296994627244175,0.4429582062713171
d1,o_max,m016007_o_max_ord19_rk00008,0.4330933504154364,0.4296994627244175,0.4429582062713171
d1,o_max,m005017_o_max_ord8_rk00018,0.43300744659005486,0.4296994627244175,0.4429582062713171
d1,o_max,m002004_o_max_ord5_rk00005,0.4329794550227074,0.4296994627244175,0.4429582062713171
d1,o_max,m003015_o_max_ord6_rk00016,0.4329279649141097,0.4296994627244175,0.4429582062713171
d1,o_max,m001015_o_max_ord4_rk00016,0.43275120940516887,0.4296994627244175,0.4429582062713171
d1,o_max,m012014_o_max_ord15_rk00015,0.43274425737323585,0.4296994627244175,0.4429582062713171
d1,o_max,m004006_o_max_ord7_rk00007,0.4327422144632258,0.4296994627244175,0.4429582062713171
d1,o_max,m003011_o_max_ord6_rk00012,0.432734782136849,0.4296994627244175,0.4429582062713171
d1,o_max,m001011_o_max_ord4_rk00012,0.4327344254273312,0.4296994627244175,0.4429582062713171
d1,o_max,m000009_o_max_ord3_rk00010,0.43265884531686494,0.4296994627244175,0.4429582062713171
d1,o_max,m008014_o_max_ord11_rk00015,0.43253657832552084,0.4296994627244175,0.4429582062713171
d1,o_max,m002005_o_max_ord5_rk00006,0.4324611114250315,0.4296994627244175,0.4429582062713171
d1,o_max,m003017_o_max_ord6_rk00018,0.432419237245223,0.4296994627244175,0.4429582062713171
d1,o_max,m013019_o_max_ord16_rk00020,0.43241485736094487,0.4296994627244175,0.4429582062713171
d1,o_max,m002015_o_max_ord5_rk00016,0.432380298693286,0.4296994627244175,0.4429582062713171
d1,o_max,m018011_o_max_ord21_rk00012,0.43231688598207807,0.4296994627244175,0.4429582062713171
d1,o_max,m003002_o_max_ord6_rk00003,0.4322198919349838,0.4296994627244175,0.4429582062713171
d1,o_max,m006012_o_max_ord9_rk00013,0.43220020826615624,0.4296994627244175,0.4429582062713171
d1,o_max,m003004_o_max_ord6_rk00005,0.4321978824097168,0.4296994627244175,0.4429582062713171
d1,o_max,m003000_o_max_ord6_rk00001,0.4321763928336577,0.4296994627244175,0.4429582062713171
d1,o_max,m005016_o_max_ord8_rk00017,0.4321624666377091,0.4296994627244175,0.4429582062713171
d1,o_max,m002000_o_max_ord5_rk00001,0.4321552050904155,0.4296994627244175,0.4429582062713171
d1,o_max,m002003_o_max_ord5_rk00004,0.43214287917133143,0.4296994627244175,0.4429582062713171
d1,o_max,m003008_o_max_ord6_rk00009,0.43213967907746265,0.4296994627244175,0.4429582062713171
d1,o_max,m001001_o_max_ord4_rk00002,0.43212949160438097,0.4296994627244175,0.4429582062713171
d1,o_max,m001014_o_max_ord4_rk00015,0.4320641825005722,0.4296994627244175,0.4429582062713171
d1,o_max,m006011_o_max_ord9_rk00012,0.4320232630045948,0.4296994627244175,0.4429582062713171
d1,o_max,m002010_o_max_ord5_rk00011,0.4319665336870344,0.4296994627244175,0.4429582062713171
d1,o_max,m004014_o_max_ord7_rk00015,0.4319462300632194,0.4296994627244175,0.4429582062713171
d1,o_max,m004017_o_max_ord7_rk00018,0.43186176358265504,0.4296994627244175,0.4429582062713171
d1,o_max,m004004_o_max_ord7_rk00005,0.4318603908675015,0.4296994627244175,0.4429582062713171
d2,o_min,m068532_o_min_ord24_rk00018,0.4576215781089341,0.4026369100629933,0.4620305233607507
d2,o_min,m065526_o_min_ord21_rk00012,0.45680772778685375,0.4026369100629933,0.4620305233607507
d2,o_min,m065529_o_min_ord21_rk00015,0.4553570795821732,0.4026369100629933,0.4620305233607507
d2,o_min,m067515_o_min_ord23_rk00001,0.45332159077639955,0.4026369100629933,0.4620305233607507
d2,o_min,m057518_o_min_ord13_rk00004,0.45313480802202655,0.4026369100629933,0.4620305233607507
d2,o_min,m067519_o_min_ord23_rk00005,0.4525558863919463,0.4026369100629933,0.4620305233607507
d2,o_min,m062528_o_min_ord18_rk00014,0.45198182768972883,0.4026369100629933,0.4620305233607507
d2,o_min,m067524_o_min_ord23_rk00010,0.45162508537477275,0.4026369100629933,0.4620305233607507
d2,o_min,m067526_o_min_ord23_rk00012,0.450662969730926,0.4026369100629933,0.4620305233607507
d2,o_min,m067533_o_min_ord23_rk00019,0.4504031474623138,0.4026369100629933,0.4620305233607507
d2,o_min,m066525_o_min_ord22_rk00011,0.4501820224719816,0.4026369100629933,0.4620305233607507
d2,o_min,m066534_o_min_ord22_rk00020,0.450112674674229,0.4026369100629933,0.4620305233607507
d2,o_min,m067516_o_min_ord23_rk00002,0.4500423796137053,0.4026369100629933,0.4620305233607507
d2,o_min,m068529_o_min_ord24_rk00015,0.4499619621043148,0.4026369100629933,0.4620305233607507
d2,o_min,m071526_o_min_ord27_rk00012,0.4498849232672447,0.4026369100629933,0.4620305233607507
d2,o_min,m068518_o_min_ord24_rk00004,0.4496450308837494,0.4026369100629933,0.4620305233607507
d2,o_min,m047516_o_min_ord3_rk00002,0.44949704572189575,0.4026369100629933,0.4620305233607507
d2,o_min,m069520_o_min_ord25_rk00006,0.4494941405053263,0.4026369100629933,0.4620305233607507
d2,o_min,m062533_o_min_ord18_rk00019,0.4493794252842337,0.4026369100629933,0.4620305233607507
d2,o_min,m051523_o_min_ord7_rk00009,0.44934319499683617,0.4026369100629933,0.4620305233607507
d2,o_min,m067518_o_min_ord23_rk00004,0.4492668135928102,0.4026369100629933,0.4620305233607507
d2,o_min,m066530_o_min_ord22_rk00016,0.4492442349586636,0.4026369100629933,0.4620305233607507
d2,o_min,m064521_o_min_ord20_rk00007,0.4492397278571578,0.4026369100629933,0.4620305233607507
d2,o_min,m053515_o_min_ord9_rk00001,0.4491433988308027,0.4026369100629933,0.4620305233607507
d2,o_min,m067523_o_min_ord23_rk00009,0.4489651854372363,0.4026369100629933,0.4620305233607507
d2,o_min,m066519_o_min_ord22_rk00005,0.448904502937162,0.4026369100629933,0.4620305233607507
d2,o_min,m069523_o_min_ord25_rk00009,0.44889527550889197,0.4026369100629933,0.4620305233607507
d2,o_min,m066526_o_min_ord22_rk00012,0.44888096272915246,0.4026369100629933,0.4620305233607507
d2,o_min,m068515_o_min_ord24_rk00001,0.44877248765958855,0.4026369100629933,0.4620305233607507
d2,o_min,m056530_o_min_ord12_rk00016,0.448580263298462,0.4026369100629933,0.4620305233607507
d2,o_min,m060526_o_min_ord16_rk00012,0.4483756178291167,0.4026369100629933,0.4620305233607507
d2,o_min,m047521_o_min_ord3_rk00007,0.4483637359665348,0.4026369100629933,0.4620305233607507
d2,o_min,m062529_o_min_ord18_rk00015,0.44825147991601233,0.4026369100629933,0.4620305233607507
d2,o_min,m068525_o_min_ord24_rk00011,0.44814125384201,0.4026369100629933,0.4620305233607507
d2,o_min,m072532_o_min_ord28_rk00018,0.4481199059827812,0.4026369100629933,0.4620305233607507
d2,o_min,m053524_o_min_ord9_rk00010,0.4481037676192753,0.4026369100629933,0.4620305233607507
d2,o_min,m066520_o_min_ord22_rk00006,0.4480657140885125,0.4026369100629933,0.4620305233607507
d2,o_min,m070521_o_min_ord26_rk00007,0.4479337358577393,0.4026369100629933,0.4620305233607507
d2,o_min,m066523_o_min_ord22_rk00009,0.44784948140409564,0.4026369100629933,0.4620305233607507
d2,o_min,m069527_o_min_ord25_rk00013,0.447835597392893,0.4026369100629933,0.4620305233607507
d2,o_min,m068517_o_min_ord24_rk00003,0.44782342304477796,0.4026369100629933,0.4620305233607507
d2,o_min,m066533_o_min_ord22_rk00019,0.44778262504346256,0.4026369100629933,0.4620305233607507
d2,o_min,m068530_o_min_ord24_rk00016,0.4476125864816185,0.4026369100629933,0.4620305233607507
d2,o_min,m067521_o_min_ord23_rk00007,0.4475232715967299,0.4026369100629933,0.4620305233607507
d2,o_min,m049528_o_min_ord5_rk00014,0.4473351908731732,0.4026369100629933,0.4620305233607507
d2,o_min,m055522_o_min_ord11_rk00008,0.4472970481859899,0.4026369100629933,0.4620305233607507
d2,o_min,m049520_o_min_ord5_rk00006,0.447210043547285,0.4026369100629933,0.4620305233607507
d2,o_min,m049534_o_min_ord5_rk00020,0.4469040481130929,0.4026369100629933,0.4620305233607507
d2,o_min,m052527_o_min_ord8_rk00013,0.4467756378547416,0.4026369100629933,0.4620305233607507
d2,o_min,m064523_o_min_ord20_rk00009,0.4467734561051995,0.4026369100629933,0.4620305233607507
d2,o_max,m023016_o_max_ord26_rk00017,0.46368513696835667,0.4026369100629933,0.4620305233607507
d2,o_max,m025009_o_max_ord28_rk00010,0.45776565927041246,0.4026369100629933,0.4620305233607507
d2,o_max,m025004_o_max_ord28_rk00005,0.4558286848674301,0.4026369100629933,0.4620305233607507
d2,o_max,m026009_o_max_ord29_rk00010,0.453615396784496,0.4026369100629933,0.4620305233607507
d2,o_max,m020018_o_max_ord23_rk00019,0.45348790377173576,0.4026369100629933,0.4620305233607507
d2,o_max,m024018_o_max_ord27_rk00019,0.45318075731886687,0.4026369100629933,0.4620305233607507
d2,o_max,m025010_o_max_ord28_rk00011,0.4527788709643278,0.4026369100629933,0.4620305233607507
d2,o_max,m024010_o_max_ord27_rk00011,0.4523397436323533,0.4026369100629933,0.4620305233607507
d2,o_max,m021002_o_max_ord24_rk00003,0.45031348517493175,0.4026369100629933,0.4620305233607507
d2,o_max,m024019_o_max_ord27_rk00020,0.45018590140111425,0.4026369100629933,0.4620305233607507
d2,o_max,m023011_o_max_ord26_rk00012,0.44985588407324206,0.4026369100629933,0.4620305233607507
d2,o_max,m020001_o_max_ord23_rk00002,0.4497275075696505,0.4026369100629933,0.4620305233607507
d2,o_max,m025014_o_max_ord28_rk00015,0.4489835673202598,0.4026369100629933,0.4620305233607507
d2,o_max,m023017_o_max_ord26_rk00018,0.4487554524820567,0.4026369100629933,0.4620305233607507
d2,o_max,m022007_o_max_ord25_rk00008,0.44767881760592965,0.4026369100629933,0.4620305233607507
d2,o_max,m024014_o_max_ord27_rk00015,0.44766134088853893,0.4026369100629933,0.4620305233607507
d2,o_max,m024017_o_max_ord27_rk00018,0.4476114619616124,0.4026369100629933,0.4620305233607507
d2,o_max,m023004_o_max_ord26_rk00005,0.4471716342287465,0.4026369100629933,0.4620305233607507
d2,o_max,m023013_o_max_ord26_rk00014,0.4470519302177818,0.4026369100629933,0.4620305233607507
d2,o_max,m024003_o_max_ord27_rk00004,0.44675154953524454,0.4026369100629933,0.4620305233607507
d2,o_max,m020005_o_max_ord23_rk00006,0.44622432599897344,0.4026369100629933,0.4620305233607507
d2,o_max,m024008_o_max_ord27_rk00009,0.4462108883665433,0.4026369100629933,0.4620305233607507
d2,o_max,m022000_o_max_ord25_rk00001,0.4454059787023763,0.4026369100629933,0.4620305233607507
d2,o_max,m027015_o_max_ord30_rk00016,0.44539006075954424,0.4026369100629933,0.4620305233607507
d2,o_max,m026015_o_max_ord29_rk00016,0.4442832046012348,0.4026369100629933,0.4620305233607507
d2,o_max,m022017_o_max_ord25_rk00018,0.44378827339838445,0.4026369100629933,0.4620305233607507
d2,o_max,m021018_o_max_ord24_rk00019,0.44362898741889056,0.4026369100629933,0.4620305233607507
d2,o_max,m025006_o_max_ord28_rk00007,0.4434603114587887,0.4026369100629933,0.4620305233607507
d2,o_max,m026014_o_max_ord29_rk00015,0.44343906379389764,0.4026369100629933,0.4620305233607507
d2,o_max,m024011_o_max_ord27_rk00012,0.4430826004222528,0.4026369100629933,0.4620305233607507
d2,o_max,m025008_o_max_ord28_rk00009,0.4428933302973219,0.4026369100629933,0.4620305233607507
d2,o_max,m023010_o_max_ord26_rk00011,0.44284927425419496,0.4026369100629933,0.4620305233607507
d2,o_max,m021001_o_max_ord24_rk00002,0.4427510962580039,0.4026369100629933,0.4620305233607507
d2,o_max,m024004_o_max_ord27_rk00005,0.4424359499405096,0.4026369100629933,0.4620305233607507
d2,o_max,m021004_o_max_ord24_rk00005,0.44222259661672647,0.4026369100629933,0.4620305233607507
d2,o_max,m000013_o_max_ord3_rk00014,0.44202031815049647,0.4026369100629933,0.4620305233607507
d2,o_max,m022015_o_max_ord25_rk00016,0.4417985652930917,0.4026369100629933,0.4620305233607507
d2,o_max,m026016_o_max_ord29_rk00017,0.4417509239920757,0.4026369100629933,0.4620305233607507
d2,o_max,m023002_o_max_ord26_rk00003,0.44155067841781703,0.4026369100629933,0.4620305233607507
d2,o_max,m021008_o_max_ord24_rk00009,0.4413474171684463,0.4026369100629933,0.4620305233607507
d2,o_max,m021009_o_max_ord24_rk00010,0.4411485759524131,0.4026369100629933,0.4620305233607507
d2,o_max,m023014_o_max_ord26_rk00015,0.4410903975607129,0.4026369100629933,0.4620305233607507
d2,o_max,m021006_o_max_ord24_rk00007,0.44089179775849086,0.4026369100629933,0.4620305233607507
d2,o_max,m000007_o_max_ord3_rk00008,0.4408474967275918,0.4026369100629933,0.4620305233607507
d2,o_max,m021007_o_max_ord24_rk00008,0.44071009402727634,0.4026369100629933,0.4620305233607507
d2,o_max,m019017_o_max_ord22_rk00018,0.439638291098833,0.4026369100629933,0.4620305233607507
d2,o_max,m023018_o_max_ord26_rk00019,0.43948937677642164,0.4026369100629933,0.4620305233607507
d2,o_max,m025012_o_max_ord28_rk00013,0.4388220948306707,0.4026369100629933,0.4620305233607507
d2,o_max,m025019_o_max_ord28_rk00020,0.43855265190491566,0.4026369100629933,0.4620305233607507
d2,o_max,m022016_o_max_ord25_rk00017,0.4384255242626185,0.4026369100629933,0.4620305233607507
d3,o_min,m070525_o_min_ord26_rk00011,0.47906894550828594,0.44412019179998563,0.4678379169351816
d3,o_min,m070530_o_min_ord26_rk00016,0.47599080275426653,0.44412019179998563,0.4678379169351816
d3,o_min,m070529_o_min_ord26_rk00015,0.47399802218251863,0.44412019179998563,0.4678379169351816
d3,o_min,m070519_o_min_ord26_rk00005,0.46820371902562774,0.44412019179998563,0.4678379169351816
d3,o_min,m049528_o_min_ord5_rk00014,0.46762988264523697,0.44412019179998563,0.4678379169351816
d3,o_min,m051533_o_min_ord7_rk00019,0.46653715688393727,0.44412019179998563,0.4678379169351816
d3,o_min,m070523_o_min_ord26_rk00009,0.4660085917643919,0.44412019179998563,0.4678379169351816
d3,o_min,m070527_o_min_ord26_rk00013,0.4654703677754852,0.44412019179998563,0.4678379169351816
d3,o_min,m070517_o_min_ord26_rk00003,0.46527111983378533,0.44412019179998563,0.4678379169351816
d3,o_min,m069525_o_min_ord25_rk00011,0.4650145908120664,0.44412019179998563,0.4678379169351816
d3,o_min,m047521_o_min_ord3_rk00007,0.4643457454344351,0.44412019179998563,0.4678379169351816
d3,o_min,m070521_o_min_ord26_rk00007,0.4634519489302974,0.44412019179998563,0.4678379169351816
d3,o_min,m070515_o_min_ord26_rk00001,0.46325708591438675,0.44412019179998563,0.4678379169351816
d3,o_min,m070534_o_min_ord26_rk00020,0.4629946305274978,0.44412019179998563,0.4678379169351816
d3,o_min,m070516_o_min_ord26_rk00002,0.46243390490364544,0.44412019179998563,0.4678379169351816
d3,o_min,m069527_o_min_ord25_rk00013,0.46239524148296196,0.44412019179998563,0.4678379169351816
d3,o_min,m065526_o_min_ord21_rk00012,0.46205840544844423,0.44412019179998563,0.4678379169351816
d3,o_min,m069523_o_min_ord25_rk00009,0.46193594576110697,0.44412019179998563,0.4678379169351816
d3,o_min,m070520_o_min_ord26_rk00006,0.4618961247402884,0.44412019179998563,0.4678379169351816
d3,o_min,m069516_o_min_ord25_rk00002,0.46168678772938276,0.44412019179998563,0.4678379169351816
d3,o_min,m069521_o_min_ord25_rk00007,0.46147268358585813,0.44412019179998563,0.4678379169351816
d3,o_min,m071526_o_min_ord27_rk00012,0.4611099403578116,0.44412019179998563,0.4678379169351816
d3,o_min,m066521_o_min_ord22_rk00007,0.4608604800365944,0.44412019179998563,0.4678379169351816
d3,o_min,m067533_o_min_ord23_rk00019,0.4603448020540062,0.44412019179998563,0.4678379169351816
d3,o_min,m071524_o_min_ord27_rk00010,0.46027127508581356,0.44412019179998563,0.4678379169351816
d3,o_min,m051515_o_min_ord7_rk00001,0.4602074769231608,0.44412019179998563,0.4678379169351816
d3,o_min,m067527_o_min_ord23_rk00013,0.4600779278869028,0.44412019179998563,0.4678379169351816
d3,o_min,m065531_o_min_ord21_rk00017,0.46005207790571,0.44412019179998563,0.4678379169351816
d3,o_min,m069526_o_min_ord25_rk00012,0.4599953425615677,0.44412019179998563,0.4678379169351816
d3,o_min,m070526_o_min_ord26_rk00012,0.45960365506561507,0.44412019179998563,0.4678379169351816
d3,o_min,m070518_o_min_ord26_rk00004,0.45944710986315207,0.44412019179998563,0.4678379169351816
d3,o_min,m068534_o_min_ord24_rk00020,0.45937976905051614,0.44412019179998563,0.4678379169351816
d3,o_min,m062525_o_min_ord18_rk00011,0.4593360826370988,0.44412019179998563,0.4678379169351816
d3,o_min,m068532_o_min_ord24_rk00018,0.4591941137543101,0.44412019179998563,0.4678379169351816
d3,o_min,m068530_o_min_ord24_rk00016,0.4590728962066539,0.44412019179998563,0.4678379169351816
d3,o_min,m047516_o_min_ord3_rk00002,0.45897667222817584,0.44412019179998563,0.4678379169351816
d3,o_min,m065515_o_min_ord21_rk00001,0.4588480501435718,0.44412019179998563,0.4678379169351816
d3,o_min,m068529_o_min_ord24_rk00015,0.45881439530073154,0.44412019179998563,0.4678379169351816
d3,o_min,m059525_o_min_ord15_rk00011,0.4586925011914188,0.44412019179998563,0.4678379169351816
d3,o_min,m049523_o_min_ord5_rk00009,0.4584363105509327,0.44412019179998563,0.4678379169351816
d3,o_min,m063530_o_min_ord19_rk00016,0.45841454139808147,0.44412019179998563,0.4678379169351816
d3,o_min,m067516_o_min_ord23_rk00002,0.45838391551493873,0.44412019179998563,0.4678379169351816
d3,o_min,m052527_o_min_ord8_rk00013,0.4580563323969967,0.44412019179998563,0.4678379169351816
d3,o_min,m067523_o_min_ord23_rk00009,0.4580463960328872,0.44412019179998563,0.4678379169351816
d3,o_min,m073517_o_min_ord29_rk00003,0.45797341463272845,0.44412019179998563,0.4678379169351816
d3,o_min,m064518_o_min_ord20_rk00004,0.45796150386235246,0.44412019179998563,0.4678379169351816
d3,o_min,m067524_o_min_ord23_rk00010,0.45792827700433203,0.44412019179998563,0.4678379169351816
d3,o_min,m065525_o_min_ord21_rk00011,0.45786993318441627,0.44412019179998563,0.4678379169351816
d3,o_min,m068518_o_min_ord24_rk00004,0.4578050805332914,0.44412019179998563,0.4678379169351816
d3,o_min,m067519_o_min_ord23_rk00005,0.4576964344993508,0.44412019179998563,0.4678379169351816
d3,o_max,m023016_o_max_ord26_rk00017,0.46835437280591896,0.44412019179998563,0.4678379169351816
d3,o_max,m023011_o_max_ord26_rk00012,0.465622613461008,0.44412019179998563,0.4678379169351816
d3,o_max,m024011_o_max_ord27_rk00012,0.46319929872946575,0.44412019179998563,0.4678379169351816
d3,o_max,m003016_o_max_ord6_rk00017,0.46298852444653327,0.44412019179998563,0.4678379169351816
d3,o_max,m024017_o_max_ord27_rk00018,0.46190738442924717,0.44412019179998563,0.4678379169351816
d3,o_max,m003009_o_max_ord6_rk00010,0.4605807529391929,0.44412019179998563,0.4678379169351816
d3,o_max,m003013_o_max_ord6_rk00014,0.46056029859704384,0.44412019179998563,0.4678379169351816
d3,o_max,m004014_o_max_ord7_rk00015,0.4600010660233138,0.44412019179998563,0.4678379169351816
d3,o_max,m022015_o_max_ord25_rk00016,0.45934137061822766,0.44412019179998563,0.4678379169351816
d3,o_max,m002011_o_max_ord5_rk00012,0.45855821097279303,0.44412019179998563,0.4678379169351816
d3,o_max,m003018_o_max_ord6_rk00019,0.45854830584348616,0.44412019179998563,0.4678379169351816
d3,o_max,m002000_o_max_ord5_rk00001,0.45827034747003315,0.44412019179998563,0.4678379169351816
d3,o_max,m003011_o_max_ord6_rk00012,0.45824140963153703,0.44412019179998563,0.4678379169351816
d3,o_max,m002001_o_max_ord5_rk00002,0.4581174671192708,0.44412019179998563,0.4678379169351816
d3,o_max,m027000_o_max_ord30_rk00001,0.45802411510018926,0.44412019179998563,0.4678379169351816
d3,o_max,m000008_o_max_ord3_rk00009,0.4578654937783011,0.44412019179998563,0.4678379169351816
d3,o_max,m002013_o_max_ord5_rk00014,0.45768562381649636,0.44412019179998563,0.4678379169351816
d3,o_max,m002005_o_max_ord5_rk00006,0.45707588072923366,0.44412019179998563,0.4678379169351816
d3,o_max,m002002_o_max_ord5_rk00003,0.45669508218617616,0.44412019179998563,0.4678379169351816
d3,o_max,m003001_o_max_ord6_rk00002,0.4566786516416549,0.44412019179998563,0.4678379169351816
d3,o_max,m017013_o_max_ord20_rk00014,0.4566458416091126,0.44412019179998563,0.4678379169351816
d3,o_max,m022011_o_max_ord25_rk00012,0.4563348946272251,0.44412019179998563,0.4678379169351816
d3,o_max,m005004_o_max_ord8_rk00005,0.4562422619962967,0.44412019179998563,0.4678379169351816
d3,o_max,m022006_o_max_ord25_rk00007,0.45616502309923956,0.44412019179998563,0.4678379169351816
d3,o_max,m022018_o_max_ord25_rk00019,0.45610266250790465,0.44412019179998563,0.4678379169351816
d3,o_max,m000019_o_max_ord3_rk00020,0.45585223680209286,0.44412019179998563,0.4678379169351816
d3,o_max,m000013_o_max_ord3_rk00014,0.4550232681528672,0.44412019179998563,0.4678379169351816
d3,o_max,m002016_o_max_ord5_rk00017,0.4548307408415193,0.44412019179998563,0.4678379169351816
d3,o_max,m026013_o_max_ord29_rk00014,0.4544947862237755,0.44412019179998563,0.4678379169351816
d3,o_max,m023004_o_max_ord26_rk00005,0.4544433510357011,0.44412019179998563,0.4678379169351816
d3,o_max,m001006_o_max_ord4_rk00007,0.4543866243813308,0.44412019179998563,0.4678379169351816
d3,o_max,m023017_o_max_ord26_rk00018,0.45436479117467543,0.44412019179998563,0.4678379169351816
d3,o_max,m024010_o_max_ord27_rk00011,0.45424671780554293,0.44412019179998563,0.4678379169351816
d3,o_max,m025004_o_max_ord28_rk00005,0.4536078567051193,0.44412019179998563,0.4678379169351816
d3,o_max,m003000_o_max_ord6_rk00001,0.45356487610863394,0.44412019179998563,0.4678379169351816
d3,o_max,m000003_o_max_ord3_rk00004,0.45351522167535807,0.44412019179998563,0.4678379169351816
d3,o_max,m000009_o_max_ord3_rk00010,0.4534455172951418,0.44412019179998563,0.4678379169351816
d3,o_max,m027015_o_max_ord30_rk00016,0.4534328070767395,0.44412019179998563,0.4678379169351816
d3,o_max,m004009_o_max_ord7_rk00010,0.4534126951405374,0.44412019179998563,0.4678379169351816
d3,o_max,m004008_o_max_ord7_rk00009,0.45277995249265945,0.44412019179998563,0.4678379169351816
d3,o_max,m000015_o_max_ord3_rk00016,0.45276054685049183,0.44412019179998563,0.4678379169351816
d3,o_max,m003010_o_max_ord6_rk00011,0.45265791975677927,0.44412019179998563,0.4678379169351816
d3,o_max,m001002_o_max_ord4_rk00003,0.4526243891201931,0.44412019179998563,0.4678379169351816
d3,o_max,m024018_o_max_ord27_rk00019,0.45243572012530664,0.44412019179998563,0.4678379169351816
d3,o_max,m006016_o_max_ord9_rk00017,0.45241747996773074,0.44412019179998563,0.4678379169351816
d3,o_max,m000007_o_max_ord3_rk00008,0.4523761004658726,0.44412019179998563,0.4678379169351816
d3,o_max,m002008_o_max_ord5_rk00009,0.4523127739852868,0.44412019179998563,0.4678379169351816
d3,o_max,m002003_o_max_ord5_rk00004,0.45225582602202397,0.44412019179998563,0.4678379169351816
d3,o_max,m003012_o_max_ord6_rk00013,0.4521531078110185,0.44412019179998563,0.4678379169351816
d3,o_max,m001004_o_max_ord4_rk00005,0.4521379851921399,0.44412019179998563,0.4678379169351816
