fold,series,median_r2,min_r2,max_r2,baseline_r2
Argentina,top20_red,0.2676013955114096,0.2485100572037397,0.2700180491685345,0.2573450746792272
Australia,top20_red,0.1826098574014207,0.1633936337384206,0.2021866121075285,0.2120015435615054
Austria,top20_red,0.3179731299725707,0.3020501623679373,0.3229754063293666,0.3135095364699836
Brazil,top20_red,0.0520139348752825,0.0424307399981843,0.0540825644753009,0.0495720876629057
Canada,top20_red,0.1337383659984855,0.1256977667347896,0.1448040616100274,0.1326971156685186
Chile,top20_red,0.4513717609403331,0.4103844215771678,0.4598741138552646,0.4349441557685035
China,top20_red,0.1286933972148888,0.0418895505310452,0.1451669740925419,0.129203090932941
Colombia,top20_red,0.2350792536039341,0.2280323130551008,0.242960627664306,0.2402364282514879
Germany,top20_red,0.2384019938203185,0.2142435569367735,0.2484935974175793,0.2218257317564945
India,top20_red,0.1648707896262745,0.1604775050127611,0.1671552482080057,0.1624656217526799
Ireland,top20_red,0.4751892594984795,0.4487956948271062,0.4973229461159894,0.4856673636493697
Japan,top20_red,0.1411402370455662,0.1258140096502148,0.1510690864469828,0.1385964867951574
Mexico,top20_red,0.1796664253575011,0.1741510834030551,0.184521907926104,0.184931005881242
Netherlands,top20_red,0.3757781264059796,0.0783403429505076,0.3840897869118769,0.3393065545818232
Peru,top20_red,0.2942778076836037,0.2796547905122911,0.3209420159494809,0.3267937278688445
South Africa,top20_red,-0.0621147064556615,-0.0675564540554565,-0.0240016140360608,-0.0326172057309839
Spain,top20_red,0.0268379739194792,-0.0100747796542206,0.0322841974593298,-0.0136264172164293
Sweden,top20_red,0.3366727747235861,0.3004915011567558,0.3540906227427525,0.3264292315076086
Switzerland,top20_red,0.1234282385051941,0.0422616788380758,0.1914357026437555,0.0991113481049364
Turkey,top20_red,0.1320050079027694,0.0938585041163996,0.1498194360803268,0.1398763127315826
United Kingdom,top20_red,0.2892236294809125,0.2874278084851375,0.2951199827494881,0.2963057235618802
United States,top20_red,0.302220068627206,0.2696557342443239,0.3124822412910562,0.2713837474272114
Argentina,top20_syn,0.252941201734628,0.2468764488672717,0.2619613003268333,0.2573450746792272
Australia,top20_syn,0.1992889642510716,0.1819891777618508,0.2102032888952979,0.2120015435615054
Austria,top20_syn,0.3151412663045043,0.3098774422030506,0.3214756263030345,0.3135095364699836
Brazil,top20_syn,0.0486492799147115,0.0446992872422693,0.0509010324047787,0.0495720876629057
Canada,top20_syn,0.1389363756146057,0.1236996629207048,0.1473055110716364,0.1326971156685186
Chile,top20_syn,0.4439172243378599,0.4347715346319318,0.4628090488262035,0.4349441557685035
China,top20_syn,0.1511338564670822,0.0700885622517473,0.1639376470438266,0.129203090932941
Colombia,top20_syn,0.2361622362087124,0.2323058834017737,0.2404497415859552,0.2402364282514879
Germany,top20_syn,0.2384297144671388,0.2193504664992502,0.24671927858226,0.2218257317564945
India,top20_syn,0.1618431195772567,0.1556840506634559,0.166906592859609,0.1624656217526799
Ireland,top20_syn,0.4955075895771579,0.4566826974094878,0.5068484214896218,0.4856673636493697
Japan,top20_syn,0.1252585603205423,0.1176728087394469,0.1517347434257516,0.1385964867951574
Mexico,top20_syn,0.179166318044383,0.1771987498285944,0.1829605721479619,0.184931005881242
Netherlands,top20_syn,0.3829841633648042,0.3309793126875344,0.3983067785657792,0.3393065545818232
Peru,top20_syn,0.3072082173730557,0.2754288060372405,0.3486217790809693,0.3267937278688445
South Africa,top20_syn,-0.0290874293189071,-0.0647838099451534,-0.010968636361357,-0.0326172057309839
Spain,top20_syn,0.0144436769802454,-0.0471312643860357,0.0302703543824187,-0.0136264172164293
Sweden,top20_syn,0.3383481600688629,0.2785214657807477,0.3550472355619916,0.3264292315076086
Switzerland,top20_syn,0.080109425962947,0.0257503826433455,0.169289161769141,0.0991113481049364
Turkey,top20_syn,0.1667701141978301,0.1225707869524286,0.2135519999988453,0.1398763127315826
United Kingdom,top20_syn,0.2906553840623781,0.2878602613187098,0.294606652913812,0.2963057235618802
United States,top20_syn,0.3136194033789059,0.290431166381531,0.3203818279237372,0.2713837474272114
