condition,model_level,objective,candidate_id,order
Pooled,OLS,o_max,m000015_o_max_ord3_rk00016,3
Pooled,OLS,o_max,m000002_o_max_ord3_rk00003,3
Pooled,OLS,o_max,m000006_o_max_ord3_rk00007,3
Pooled,OLS,o_max,m000003_o_max_ord3_rk00004,3
Pooled,OLS,o_max,m000014_o_max_ord3_rk00015,3
Pooled,OLS,o_max,m002016_o_max_ord5_rk00017,5
Pooled,OLS,o_max,m000011_o_max_ord3_rk00012,3
Pooled,OLS,o_max,m001014_o_max_ord4_rk00015,4
Pooled,OLS,o_max,m000000_o_max_ord3_rk00001,3
Pooled,OLS,o_max,m001016_o_max_ord4_rk00017,4
Pooled,OLS,o_max,m001003_o_max_ord4_rk00004,4
Pooled,OLS,o_max,m000018_o_max_ord3_rk00019,3
Pooled,OLS,o_max,m000004_o_max_ord3_rk00005,3
Pooled,OLS,o_max,m000019_o_max_ord3_rk00020,3
Pooled,OLS,o_max,m000017_o_max_ord3_rk00018,3
Pooled,OLS,o_max,m000012_o_max_ord3_rk00013,3
Pooled,OLS,o_max,m000008_o_max_ord3_rk00009,3
Pooled,OLS,o_max,m000010_o_max_ord3_rk00011,3
Pooled,OLS,o_max,m001000_o_max_ord4_rk00001,4
Pooled,OLS,o_max,m000007_o_max_ord3_rk00008,3
Pooled,OLS,o_min,m050526_o_min_ord6_rk00012,6
Pooled,OLS,o_min,m049528_o_min_ord5_rk00014,5
Pooled,OLS,o_min,m050523_o_min_ord6_rk00009,6
Pooled,OLS,o_min,m047524_o_min_ord3_rk00010,3
Pooled,OLS,o_min,m047533_o_min_ord3_rk00019,3
Pooled,OLS,o_min,m049518_o_min_ord5_rk00004,5
Pooled,OLS,o_min,m049523_o_min_ord5_rk00009,5
Pooled,OLS,o_min,m049522_o_min_ord5_rk00008,5
Pooled,OLS,o_min,m047522_o_min_ord3_rk00008,3
Pooled,OLS,o_min,m048515_o_min_ord4_rk00001,4
Pooled,OLS,o_min,m047527_o_min_ord3_rk00013,3
Pooled,OLS,o_min,m047518_o_min_ord3_rk00004,3
Pooled,OLS,o_min,m047516_o_min_ord3_rk00002,3
Pooled,OLS,o_min,m047521_o_min_ord3_rk00007,3
Pooled,OLS,o_min,m051534_o_min_ord7_rk00020,7
Pooled,OLS,o_min,m049519_o_min_ord5_rk00005,5
Pooled,OLS,o_min,m047523_o_min_ord3_rk00009,3
Pooled,OLS,o_min,m047534_o_min_ord3_rk00020,3
Pooled,OLS,o_min,m047525_o_min_ord3_rk00011,3
Pooled,OLS,o_min,m050520_o_min_ord6_rk00006,6
Pooled,d1,o_max,m003016_o_max_ord6_rk00017,6
Pooled,d1,o_max,m006005_o_max_ord9_rk00006,9
Pooled,d1,o_max,m001000_o_max_ord4_rk00001,4
Pooled,d1,o_max,m001006_o_max_ord4_rk00007,4
Pooled,d1,o_max,m002011_o_max_ord5_rk00012,5
Pooled,d1,o_max,m000002_o_max_ord3_rk00003,3
Pooled,d1,o_max,m000011_o_max_ord3_rk00012,3
Pooled,d1,o_max,m000000_o_max_ord3_rk00001,3
Pooled,d1,o_max,m003009_o_max_ord6_rk00010,6
Pooled,d1,o_max,m005004_o_max_ord8_rk00005,8
Pooled,d1,o_max,m001002_o_max_ord4_rk00003,4
Pooled,d1,o_max,m004008_o_max_ord7_rk00009,7
Pooled,d1,o_max,m001008_o_max_ord4_rk00009,4
Pooled,d1,o_max,m005001_o_max_ord8_rk00002,8
Pooled,d1,o_max,m013012_o_max_ord16_rk00013,16
Pooled,d1,o_max,m005014_o_max_ord8_rk00015,8
Pooled,d1,o_max,m000017_o_max_ord3_rk00018,3
Pooled,d1,o_max,m000018_o_max_ord3_rk00019,3
Pooled,d1,o_max,m001013_o_max_ord4_rk00014,4
Pooled,d1,o_max,m016007_o_max_ord19_rk00008,19
Pooled,d1,o_min,m049526_o_min_ord5_rk00012,5
Pooled,d1,o_min,m051516_o_min_ord7_rk00002,7
Pooled,d1,o_min,m050525_o_min_ord6_rk00011,6
Pooled,d1,o_min,m050526_o_min_ord6_rk00012,6
Pooled,d1,o_min,m050520_o_min_ord6_rk00006,6
Pooled,d1,o_min,m052525_o_min_ord8_rk00011,8
Pooled,d1,o_min,m050522_o_min_ord6_rk00008,6
Pooled,d1,o_min,m061519_o_min_ord17_rk00005,17
Pooled,d1,o_min,m057531_o_min_ord13_rk00017,13
Pooled,d1,o_min,m050519_o_min_ord6_rk00005,6
Pooled,d1,o_min,m051519_o_min_ord7_rk00005,7
Pooled,d1,o_min,m057525_o_min_ord13_rk00011,13
Pooled,d1,o_min,m056529_o_min_ord12_rk00015,12
Pooled,d1,o_min,m051533_o_min_ord7_rk00019,7
Pooled,d1,o_min,m061526_o_min_ord17_rk00012,17
Pooled,d1,o_min,m050533_o_min_ord6_rk00019,6
Pooled,d1,o_min,m061522_o_min_ord17_rk00008,17
Pooled,d1,o_min,m048526_o_min_ord4_rk00012,4
Pooled,d1,o_min,m060518_o_min_ord16_rk00004,16
Pooled,d1,o_min,m047528_o_min_ord3_rk00014,3
Pooled,d2,o_max,m023016_o_max_ord26_rk00017,26
Pooled,d2,o_max,m025009_o_max_ord28_rk00010,28
Pooled,d2,o_max,m025004_o_max_ord28_rk00005,28
Pooled,d2,o_max,m026009_o_max_ord29_rk00010,29
Pooled,d2,o_max,m020018_o_max_ord23_rk00019,23
Pooled,d2,o_max,m024018_o_max_ord27_rk00019,27
Pooled,d2,o_max,m025010_o_max_ord28_rk00011,28
Pooled,d2,o_max,m024010_o_max_ord27_rk00011,27
Pooled,d2,o_max,m021002_o_max_ord24_rk00003,24
Pooled,d2,o_max,m024019_o_max_ord27_rk00020,27
Pooled,d2,o_max,m023011_o_max_ord26_rk00012,26
Pooled,d2,o_max,m020001_o_max_ord23_rk00002,23
Pooled,d2,o_max,m025014_o_max_ord28_rk00015,28
Pooled,d2,o_max,m023017_o_max_ord26_rk00018,26
Pooled,d2,o_max,m022007_o_max_ord25_rk00008,25
Pooled,d2,o_max,m024014_o_max_ord27_rk00015,27
Pooled,d2,o_max,m024017_o_max_ord27_rk00018,27
Pooled,d2,o_max,m023004_o_max_ord26_rk00005,26
Pooled,d2,o_max,m023013_o_max_ord26_rk00014,26
Pooled,d2,o_max,m024003_o_max_ord27_rk00004,27
Pooled,d2,o_min,m068532_o_min_ord24_rk00018,24
Pooled,d2,o_min,m065526_o_min_ord21_rk00012,21
Pooled,d2,o_min,m065529_o_min_ord21_rk00015,21
Pooled,d2,o_min,m067515_o_min_ord23_rk00001,23
Pooled,d2,o_min,m057518_o_min_ord13_rk00004,13
Pooled,d2,o_min,m067519_o_min_ord23_rk00005,23
Pooled,d2,o_min,m062528_o_min_ord18_rk00014,18
Pooled,d2,o_min,m067524_o_min_ord23_rk00010,23
Pooled,d2,o_min,m067526_o_min_ord23_rk00012,23
Pooled,d2,o_min,m067533_o_min_ord23_rk00019,23
Pooled,d2,o_min,m066525_o_min_ord22_rk00011,22
Pooled,d2,o_min,m066534_o_min_ord22_rk00020,22
Pooled,d2,o_min,m067516_o_min_ord23_rk00002,23
Pooled,d2,o_min,m068529_o_min_ord24_rk00015,24
Pooled,d2,o_min,m071526_o_min_ord27_rk00012,27
Pooled,d2,o_min,m068518_o_min_ord24_rk00004,24
Pooled,d2,o_min,m047516_o_min_ord3_rk00002,3
Pooled,d2,o_min,m069520_o_min_ord25_rk00006,25
Pooled,d2,o_min,m062533_o_min_ord18_rk00019,18
Pooled,d2,o_min,m051523_o_min_ord7_rk00009,7
Pooled,d3,o_max,m023016_o_max_ord26_rk00017,26
Pooled,d3,o_max,m023011_o_max_ord26_rk00012,26
Pooled,d3,o_max,m024011_o_max_ord27_rk00012,27
Pooled,d3,o_max,m003016_o_max_ord6_rk00017,6
Pooled,d3,o_max,m024017_o_max_ord27_rk00018,27
Pooled,d3,o_max,m003009_o_max_ord6_rk00010,6
Pooled,d3,o_max,m003013_o_max_ord6_rk00014,6
Pooled,d3,o_max,m004014_o_max_ord7_rk00015,7
Pooled,d3,o_max,m022015_o_max_ord25_rk00016,25
Pooled,d3,o_max,m002011_o_max_ord5_rk00012,5
Pooled,d3,o_max,m003018_o_max_ord6_rk00019,6
Pooled,d3,o_max,m002000_o_max_ord5_rk00001,5
Pooled,d3,o_max,m003011_o_max_ord6_rk00012,6
Pooled,d3,o_max,m002001_o_max_ord5_rk00002,5
Pooled,d3,o_max,m027000_o_max_ord30_rk00001,30
Pooled,d3,o_max,m000008_o_max_ord3_rk00009,3
Pooled,d3,o_max,m002013_o_max_ord5_rk00014,5
Pooled,d3,o_max,m002005_o_max_ord5_rk00006,5
Pooled,d3,o_max,m002002_o_max_ord5_rk00003,5
Pooled,d3,o_max,m003001_o_max_ord6_rk00002,6
Pooled,d3,o_min,m070525_o_min_ord26_rk00011,26
Pooled,d3,o_min,m070530_o_min_ord26_rk00016,26
Pooled,d3,o_min,m070529_o_min_ord26_rk00015,26
Pooled,d3,o_min,m070519_o_min_ord26_rk00005,26
Pooled,d3,o_min,m049528_o_min_ord5_rk00014,5
Pooled,d3,o_min,m051533_o_min_ord7_rk00019,7
Pooled,d3,o_min,m070523_o_min_ord26_rk00009,26
Pooled,d3,o_min,m070527_o_min_ord26_rk00013,26
Pooled,d3,o_min,m070517_o_min_ord26_rk00003,26
Pooled,d3,o_min,m069525_o_min_ord25_rk00011,25
Pooled,d3,o_min,m047521_o_min_ord3_rk00007,3
Pooled,d3,o_min,m070521_o_min_ord26_rk00007,26
Pooled,d3,o_min,m070515_o_min_ord26_rk00001,26
Pooled,d3,o_min,m070534_o_min_ord26_rk00020,26
Pooled,d3,o_min,m070516_o_min_ord26_rk00002,26
Pooled,d3,o_min,m069527_o_min_ord25_rk00013,25
Pooled,d3,o_min,m065526_o_min_ord21_rk00012,21
Pooled,d3,o_min,m069523_o_min_ord25_rk00009,25
Pooled,d3,o_min,m070520_o_min_ord26_rk00006,26
Pooled,d3,o_min,m069516_o_min_ord25_rk00002,25
CN->CN,OLS,o_max,m008018_o_max_ord11_rk00019,11
CN->CN,OLS,o_max,m005005_o_max_ord8_rk00006,8
CN->CN,OLS,o_max,m005016_o_max_ord8_rk00017,8
CN->CN,OLS,o_max,m007017_o_max_ord10_rk00018,10
CN->CN,OLS,o_max,m013013_o_max_ord16_rk00014,16
CN->CN,OLS,o_max,m006012_o_max_ord9_rk00013,9
CN->CN,OLS,o_max,m006006_o_max_ord9_rk00007,9
CN->CN,OLS,o_max,m003013_o_max_ord6_rk00014,6
CN->CN,OLS,o_max,m005008_o_max_ord8_rk00009,8
CN->CN,OLS,o_max,m008016_o_max_ord11_rk00017,11
CN->CN,OLS,o_max,m008014_o_max_ord11_rk00015,11
CN->CN,OLS,o_max,m000000_o_max_ord3_rk00001,3
CN->CN,OLS,o_max,m000011_o_max_ord3_rk00012,3
CN->CN,OLS,o_max,m000019_o_max_ord3_rk00020,3
CN->CN,OLS,o_max,m013016_o_max_ord16_rk00017,16
CN->CN,OLS,o_max,m001002_o_max_ord4_rk00003,4
CN->CN,OLS,o_max,m005001_o_max_ord8_rk00002,8
CN->CN,OLS,o_max,m007019_o_max_ord10_rk00020,10
CN->CN,OLS,o_max,m008005_o_max_ord11_rk00006,11
CN->CN,OLS,o_max,m009016_o_max_ord12_rk00017,12
CN->CN,OLS,o_min,m060533_o_min_ord16_rk00019,16
CN->CN,OLS,o_min,m060520_o_min_ord16_rk00006,16
CN->CN,OLS,o_min,m051525_o_min_ord7_rk00011,7
CN->CN,OLS,o_min,m049518_o_min_ord5_rk00004,5
CN->CN,OLS,o_min,m053527_o_min_ord9_rk00013,9
CN->CN,OLS,o_min,m051533_o_min_ord7_rk00019,7
CN->CN,OLS,o_min,m051529_o_min_ord7_rk00015,7
CN->CN,OLS,o_min,m053529_o_min_ord9_rk00015,9
CN->CN,OLS,o_min,m047520_o_min_ord3_rk00006,3
CN->CN,OLS,o_min,m053533_o_min_ord9_rk00019,9
CN->CN,OLS,o_min,m049522_o_min_ord5_rk00008,5
CN->CN,OLS,o_min,m047517_o_min_ord3_rk00003,3
CN->CN,OLS,o_min,m066531_o_min_ord22_rk00017,22
CN->CN,OLS,o_min,m049525_o_min_ord5_rk00011,5
CN->CN,OLS,o_min,m050519_o_min_ord6_rk00005,6
CN->CN,OLS,o_min,m047524_o_min_ord3_rk00010,3
CN->CN,OLS,o_min,m049519_o_min_ord5_rk00005,5
CN->CN,OLS,o_min,m067520_o_min_ord23_rk00006,23
CN->CN,OLS,o_min,m047525_o_min_ord3_rk00011,3
CN->CN,OLS,o_min,m047533_o_min_ord3_rk00019,3
CN->CN,d1,o_max,m000003_o_max_ord3_rk00004,3
CN->CN,d1,o_max,m000013_o_max_ord3_rk00014,3
CN->CN,d1,o_max,m001018_o_max_ord4_rk00019,4
CN->CN,d1,o_max,m000001_o_max_ord3_rk00002,3
CN->CN,d1,o_max,m000012_o_max_ord3_rk00013,3
CN->CN,d1,o_max,m001016_o_max_ord4_rk00017,4
CN->CN,d1,o_max,m001004_o_max_ord4_rk00005,4
CN->CN,d1,o_max,m005004_o_max_ord8_rk00005,8
CN->CN,d1,o_max,m027019_o_max_ord30_rk00020,30
CN->CN,d1,o_max,m000015_o_max_ord3_rk00016,3
CN->CN,d1,o_max,m005014_o_max_ord8_rk00015,8
CN->CN,d1,o_max,m024010_o_max_ord27_rk00011,27
CN->CN,d1,o_max,m026019_o_max_ord29_rk00020,29
CN->CN,d1,o_max,m022011_o_max_ord25_rk00012,25
CN->CN,d1,o_max,m025017_o_max_ord28_rk00018,28
CN->CN,d1,o_max,m001006_o_max_ord4_rk00007,4
CN->CN,d1,o_max,m024013_o_max_ord27_rk00014,27
CN->CN,d1,o_max,m003018_o_max_ord6_rk00019,6
CN->CN,d1,o_max,m022003_o_max_ord25_rk00004,25
CN->CN,d1,o_max,m001014_o_max_ord4_rk00015,4
CN->CN,d1,o_min,m059521_o_min_ord15_rk00007,15
CN->CN,d1,o_min,m060530_o_min_ord16_rk00016,16
CN->CN,d1,o_min,m059526_o_min_ord15_rk00012,15
CN->CN,d1,o_min,m059534_o_min_ord15_rk00020,15
CN->CN,d1,o_min,m065533_o_min_ord21_rk00019,21
CN->CN,d1,o_min,m060524_o_min_ord16_rk00010,16
CN->CN,d1,o_min,m060515_o_min_ord16_rk00001,16
CN->CN,d1,o_min,m059527_o_min_ord15_rk00013,15
CN->CN,d1,o_min,m059523_o_min_ord15_rk00009,15
CN->CN,d1,o_min,m060527_o_min_ord16_rk00013,16
CN->CN,d1,o_min,m058528_o_min_ord14_rk00014,14
CN->CN,d1,o_min,m058527_o_min_ord14_rk00013,14
CN->CN,d1,o_min,m059518_o_min_ord15_rk00004,15
CN->CN,d1,o_min,m059516_o_min_ord15_rk00002,15
CN->CN,d1,o_min,m060519_o_min_ord16_rk00005,16
CN->CN,d1,o_min,m060522_o_min_ord16_rk00008,16
CN->CN,d1,o_min,m065522_o_min_ord21_rk00008,21
CN->CN,d1,o_min,m060516_o_min_ord16_rk00002,16
CN->CN,d1,o_min,m050534_o_min_ord6_rk00020,6
CN->CN,d1,o_min,m059522_o_min_ord15_rk00008,15
CN->CN,d2,o_max,m021018_o_max_ord24_rk00019,24
CN->CN,d2,o_max,m021013_o_max_ord24_rk00014,24
CN->CN,d2,o_max,m021003_o_max_ord24_rk00004,24
CN->CN,d2,o_max,m024001_o_max_ord27_rk00002,27
CN->CN,d2,o_max,m022017_o_max_ord25_rk00018,25
CN->CN,d2,o_max,m023016_o_max_ord26_rk00017,26
CN->CN,d2,o_max,m024010_o_max_ord27_rk00011,27
CN->CN,d2,o_max,m020014_o_max_ord23_rk00015,23
CN->CN,d2,o_max,m001004_o_max_ord4_rk00005,4
CN->CN,d2,o_max,m027008_o_max_ord30_rk00009,30
CN->CN,d2,o_max,m026017_o_max_ord29_rk00018,29
CN->CN,d2,o_max,m025003_o_max_ord28_rk00004,28
CN->CN,d2,o_max,m025007_o_max_ord28_rk00008,28
CN->CN,d2,o_max,m000013_o_max_ord3_rk00014,3
CN->CN,d2,o_max,m027019_o_max_ord30_rk00020,30
CN->CN,d2,o_max,m022011_o_max_ord25_rk00012,25
CN->CN,d2,o_max,m003016_o_max_ord6_rk00017,6
CN->CN,d2,o_max,m024017_o_max_ord27_rk00018,27
CN->CN,d2,o_max,m001008_o_max_ord4_rk00009,4
CN->CN,d2,o_max,m023004_o_max_ord26_rk00005,26
CN->CN,d2,o_min,m050526_o_min_ord6_rk00012,6
CN->CN,d2,o_min,m050523_o_min_ord6_rk00009,6
CN->CN,d2,o_min,m070524_o_min_ord26_rk00010,26
CN->CN,d2,o_min,m072525_o_min_ord28_rk00011,28
CN->CN,d2,o_min,m072533_o_min_ord28_rk00019,28
CN->CN,d2,o_min,m071531_o_min_ord27_rk00017,27
CN->CN,d2,o_min,m047516_o_min_ord3_rk00002,3
CN->CN,d2,o_min,m070521_o_min_ord26_rk00007,26
CN->CN,d2,o_min,m070528_o_min_ord26_rk00014,26
CN->CN,d2,o_min,m064523_o_min_ord20_rk00009,20
CN->CN,d2,o_min,m049523_o_min_ord5_rk00009,5
CN->CN,d2,o_min,m062529_o_min_ord18_rk00015,18
CN->CN,d2,o_min,m073531_o_min_ord29_rk00017,29
CN->CN,d2,o_min,m068515_o_min_ord24_rk00001,24
CN->CN,d2,o_min,m052516_o_min_ord8_rk00002,8
CN->CN,d2,o_min,m072517_o_min_ord28_rk00003,28
CN->CN,d2,o_min,m071519_o_min_ord27_rk00005,27
CN->CN,d2,o_min,m072531_o_min_ord28_rk00017,28
CN->CN,d2,o_min,m052527_o_min_ord8_rk00013,8
CN->CN,d2,o_min,m063532_o_min_ord19_rk00018,19
CN->CN,d3,o_max,m002006_o_max_ord5_rk00007,5
CN->CN,d3,o_max,m023016_o_max_ord26_rk00017,26
CN->CN,d3,o_max,m001011_o_max_ord4_rk00012,4
CN->CN,d3,o_max,m002011_o_max_ord5_rk00012,5
CN->CN,d3,o_max,m002000_o_max_ord5_rk00001,5
CN->CN,d3,o_max,m003016_o_max_ord6_rk00017,6
CN->CN,d3,o_max,m001002_o_max_ord4_rk00003,4
CN->CN,d3,o_max,m001009_o_max_ord4_rk00010,4
CN->CN,d3,o_max,m002001_o_max_ord5_rk00002,5
CN->CN,d3,o_max,m002007_o_max_ord5_rk00008,5
CN->CN,d3,o_max,m024009_o_max_ord27_rk00010,27
CN->CN,d3,o_max,m024006_o_max_ord27_rk00007,27
CN->CN,d3,o_max,m023017_o_max_ord26_rk00018,26
CN->CN,d3,o_max,m000017_o_max_ord3_rk00018,3
CN->CN,d3,o_max,m003010_o_max_ord6_rk00011,6
CN->CN,d3,o_max,m000011_o_max_ord3_rk00012,3
CN->CN,d3,o_max,m002002_o_max_ord5_rk00003,5
CN->CN,d3,o_max,m003009_o_max_ord6_rk00010,6
CN->CN,d3,o_max,m020014_o_max_ord23_rk00015,23
CN->CN,d3,o_max,m003005_o_max_ord6_rk00006,6
CN->CN,d3,o_min,m071519_o_min_ord27_rk00005,27
CN->CN,d3,o_min,m068529_o_min_ord24_rk00015,24
CN->CN,d3,o_min,m068533_o_min_ord24_rk00019,24
CN->CN,d3,o_min,m063532_o_min_ord19_rk00018,19
CN->CN,d3,o_min,m071516_o_min_ord27_rk00002,27
CN->CN,d3,o_min,m071520_o_min_ord27_rk00006,27
CN->CN,d3,o_min,m071528_o_min_ord27_rk00014,27
CN->CN,d3,o_min,m068517_o_min_ord24_rk00003,24
CN->CN,d3,o_min,m071533_o_min_ord27_rk00019,27
CN->CN,d3,o_min,m071517_o_min_ord27_rk00003,27
CN->CN,d3,o_min,m068519_o_min_ord24_rk00005,24
CN->CN,d3,o_min,m068528_o_min_ord24_rk00014,24
CN->CN,d3,o_min,m071525_o_min_ord27_rk00011,27
CN->CN,d3,o_min,m062532_o_min_ord18_rk00018,18
CN->CN,d3,o_min,m070521_o_min_ord26_rk00007,26
CN->CN,d3,o_min,m067530_o_min_ord23_rk00016,23
CN->CN,d3,o_min,m071531_o_min_ord27_rk00017,27
CN->CN,d3,o_min,m068530_o_min_ord24_rk00016,24
CN->CN,d3,o_min,m068526_o_min_ord24_rk00012,24
CN->CN,d3,o_min,m071522_o_min_ord27_rk00008,27
AD->AD,OLS,o_max,m000002_o_max_ord3_rk00003,3
AD->AD,OLS,o_max,m000003_o_max_ord3_rk00004,3
AD->AD,OLS,o_max,m001013_o_max_ord4_rk00014,4
AD->AD,OLS,o_max,m000019_o_max_ord3_rk00020,3
AD->AD,OLS,o_max,m000014_o_max_ord3_rk00015,3
AD->AD,OLS,o_max,m000017_o_max_ord3_rk00018,3
AD->AD,OLS,o_max,m001008_o_max_ord4_rk00009,4
AD->AD,OLS,o_max,m000000_o_max_ord3_rk00001,3
AD->AD,OLS,o_max,m000010_o_max_ord3_rk00011,3
AD->AD,OLS,o_max,m000011_o_max_ord3_rk00012,3
AD->AD,OLS,o_max,m001016_o_max_ord4_rk00017,4
AD->AD,OLS,o_max,m000004_o_max_ord3_rk00005,3
AD->AD,OLS,o_max,m000018_o_max_ord3_rk00019,3
AD->AD,OLS,o_max,m000006_o_max_ord3_rk00007,3
AD->AD,OLS,o_max,m002010_o_max_ord5_rk00011,5
AD->AD,OLS,o_max,m002004_o_max_ord5_rk00005,5
AD->AD,OLS,o_max,m000009_o_max_ord3_rk00010,3
AD->AD,OLS,o_max,m000008_o_max_ord3_rk00009,3
AD->AD,OLS,o_max,m001005_o_max_ord4_rk00006,4
AD->AD,OLS,o_max,m002018_o_max_ord5_rk00019,5
AD->AD,OLS,o_min,m048528_o_min_ord4_rk00014,4
AD->AD,OLS,o_min,m048533_o_min_ord4_rk00019,4
AD->AD,OLS,o_min,m048517_o_min_ord4_rk00003,4
AD->AD,OLS,o_min,m048525_o_min_ord4_rk00011,4
AD->AD,OLS,o_min,m047528_o_min_ord3_rk00014,3
AD->AD,OLS,o_min,m048518_o_min_ord4_rk00004,4
AD->AD,OLS,o_min,m048520_o_min_ord4_rk00006,4
AD->AD,OLS,o_min,m047531_o_min_ord3_rk00017,3
AD->AD,OLS,o_min,m048519_o_min_ord4_rk00005,4
AD->AD,OLS,o_min,m048526_o_min_ord4_rk00012,4
AD->AD,OLS,o_min,m048523_o_min_ord4_rk00009,4
AD->AD,OLS,o_min,m047515_o_min_ord3_rk00001,3
AD->AD,OLS,o_min,m051526_o_min_ord7_rk00012,7
AD->AD,OLS,o_min,m047533_o_min_ord3_rk00019,3
AD->AD,OLS,o_min,m048532_o_min_ord4_rk00018,4
AD->AD,OLS,o_min,m048527_o_min_ord4_rk00013,4
AD->AD,OLS,o_min,m048531_o_min_ord4_rk00017,4
AD->AD,OLS,o_min,m048530_o_min_ord4_rk00016,4
AD->AD,OLS,o_min,m047527_o_min_ord3_rk00013,3
AD->AD,OLS,o_min,m048522_o_min_ord4_rk00008,4
AD->AD,d1,o_max,m000015_o_max_ord3_rk00016,3
AD->AD,d1,o_max,m006018_o_max_ord9_rk00019,9
AD->AD,d1,o_max,m004017_o_max_ord7_rk00018,7
AD->AD,d1,o_max,m001016_o_max_ord4_rk00017,4
AD->AD,d1,o_max,m001010_o_max_ord4_rk00011,4
AD->AD,d1,o_max,m004005_o_max_ord7_rk00006,7
AD->AD,d1,o_max,m006001_o_max_ord9_rk00002,9
AD->AD,d1,o_max,m000017_o_max_ord3_rk00018,3
AD->AD,d1,o_max,m007018_o_max_ord10_rk00019,10
AD->AD,d1,o_max,m004008_o_max_ord7_rk00009,7
AD->AD,d1,o_max,m002003_o_max_ord5_rk00004,5
AD->AD,d1,o_max,m027017_o_max_ord30_rk00018,30
AD->AD,d1,o_max,m027003_o_max_ord30_rk00004,30
AD->AD,d1,o_max,m002010_o_max_ord5_rk00011,5
AD->AD,d1,o_max,m005015_o_max_ord8_rk00016,8
AD->AD,d1,o_max,m005003_o_max_ord8_rk00004,8
AD->AD,d1,o_max,m005004_o_max_ord8_rk00005,8
AD->AD,d1,o_max,m004000_o_max_ord7_rk00001,7
AD->AD,d1,o_max,m006004_o_max_ord9_rk00005,9
AD->AD,d1,o_max,m006016_o_max_ord9_rk00017,9
AD->AD,d1,o_min,m053532_o_min_ord9_rk00018,9
AD->AD,d1,o_min,m065534_o_min_ord21_rk00020,21
AD->AD,d1,o_min,m063532_o_min_ord19_rk00018,19
AD->AD,d1,o_min,m068518_o_min_ord24_rk00004,24
AD->AD,d1,o_min,m073524_o_min_ord29_rk00010,29
AD->AD,d1,o_min,m051533_o_min_ord7_rk00019,7
AD->AD,d1,o_min,m063531_o_min_ord19_rk00017,19
AD->AD,d1,o_min,m057529_o_min_ord13_rk00015,13
AD->AD,d1,o_min,m071515_o_min_ord27_rk00001,27
AD->AD,d1,o_min,m070518_o_min_ord26_rk00004,26
AD->AD,d1,o_min,m072531_o_min_ord28_rk00017,28
AD->AD,d1,o_min,m071518_o_min_ord27_rk00004,27
AD->AD,d1,o_min,m072534_o_min_ord28_rk00020,28
AD->AD,d1,o_min,m062525_o_min_ord18_rk00011,18
AD->AD,d1,o_min,m064531_o_min_ord20_rk00017,20
AD->AD,d1,o_min,m073533_o_min_ord29_rk00019,29
AD->AD,d1,o_min,m072520_o_min_ord28_rk00006,28
AD->AD,d1,o_min,m068522_o_min_ord24_rk00008,24
AD->AD,d1,o_min,m071534_o_min_ord27_rk00020,27
AD->AD,d1,o_min,m073532_o_min_ord29_rk00018,29
AD->AD,d2,o_max,m000015_o_max_ord3_rk00016,3
AD->AD,d2,o_max,m003000_o_max_ord6_rk00001,6
AD->AD,d2,o_max,m005016_o_max_ord8_rk00017,8
AD->AD,d2,o_max,m004005_o_max_ord7_rk00006,7
AD->AD,d2,o_max,m003016_o_max_ord6_rk00017,6
AD->AD,d2,o_max,m001010_o_max_ord4_rk00011,4
AD->AD,d2,o_max,m002011_o_max_ord5_rk00012,5
AD->AD,d2,o_max,m004000_o_max_ord7_rk00001,7
AD->AD,d2,o_max,m000017_o_max_ord3_rk00018,3
AD->AD,d2,o_max,m006016_o_max_ord9_rk00017,9
AD->AD,d2,o_max,m003010_o_max_ord6_rk00011,6
AD->AD,d2,o_max,m002005_o_max_ord5_rk00006,5
AD->AD,d2,o_max,m001016_o_max_ord4_rk00017,4
AD->AD,d2,o_max,m004012_o_max_ord7_rk00013,7
AD->AD,d2,o_max,m004008_o_max_ord7_rk00009,7
AD->AD,d2,o_max,m004007_o_max_ord7_rk00008,7
AD->AD,d2,o_max,m004010_o_max_ord7_rk00011,7
AD->AD,d2,o_max,m006004_o_max_ord9_rk00005,9
AD->AD,d2,o_max,m000018_o_max_ord3_rk00019,3
AD->AD,d2,o_max,m003006_o_max_ord6_rk00007,6
AD->AD,d2,o_min,m061516_o_min_ord17_rk00002,17
AD->AD,d2,o_min,m055529_o_min_ord11_rk00015,11
AD->AD,d2,o_min,m066527_o_min_ord22_rk00013,22
AD->AD,d2,o_min,m049530_o_min_ord5_rk00016,5
AD->AD,d2,o_min,m054520_o_min_ord10_rk00006,10
AD->AD,d2,o_min,m053532_o_min_ord9_rk00018,9
AD->AD,d2,o_min,m055532_o_min_ord11_rk00018,11
AD->AD,d2,o_min,m073524_o_min_ord29_rk00010,29
AD->AD,d2,o_min,m071518_o_min_ord27_rk00004,27
AD->AD,d2,o_min,m051533_o_min_ord7_rk00019,7
AD->AD,d2,o_min,m062515_o_min_ord18_rk00001,18
AD->AD,d2,o_min,m061529_o_min_ord17_rk00015,17
AD->AD,d2,o_min,m062533_o_min_ord18_rk00019,18
AD->AD,d2,o_min,m060534_o_min_ord16_rk00020,16
AD->AD,d2,o_min,m054518_o_min_ord10_rk00004,10
AD->AD,d2,o_min,m064518_o_min_ord20_rk00004,20
AD->AD,d2,o_min,m064523_o_min_ord20_rk00009,20
AD->AD,d2,o_min,m068528_o_min_ord24_rk00014,24
AD->AD,d2,o_min,m047528_o_min_ord3_rk00014,3
AD->AD,d2,o_min,m071520_o_min_ord27_rk00006,27
AD->AD,d3,o_max,m000015_o_max_ord3_rk00016,3
AD->AD,d3,o_max,m005004_o_max_ord8_rk00005,8
AD->AD,d3,o_max,m002010_o_max_ord5_rk00011,5
AD->AD,d3,o_max,m006004_o_max_ord9_rk00005,9
AD->AD,d3,o_max,m000017_o_max_ord3_rk00018,3
AD->AD,d3,o_max,m004008_o_max_ord7_rk00009,7
AD->AD,d3,o_max,m001016_o_max_ord4_rk00017,4
AD->AD,d3,o_max,m002009_o_max_ord5_rk00010,5
AD->AD,d3,o_max,m002005_o_max_ord5_rk00006,5
AD->AD,d3,o_max,m001010_o_max_ord4_rk00011,4
AD->AD,d3,o_max,m004005_o_max_ord7_rk00006,7
AD->AD,d3,o_max,m005003_o_max_ord8_rk00004,8
AD->AD,d3,o_max,m006001_o_max_ord9_rk00002,9
AD->AD,d3,o_max,m000007_o_max_ord3_rk00008,3
AD->AD,d3,o_max,m007009_o_max_ord10_rk00010,10
AD->AD,d3,o_max,m006016_o_max_ord9_rk00017,9
AD->AD,d3,o_max,m005012_o_max_ord8_rk00013,8
AD->AD,d3,o_max,m002013_o_max_ord5_rk00014,5
AD->AD,d3,o_max,m002002_o_max_ord5_rk00003,5
AD->AD,d3,o_max,m006009_o_max_ord9_rk00010,9
AD->AD,d3,o_min,m049530_o_min_ord5_rk00016,5
AD->AD,d3,o_min,m065526_o_min_ord21_rk00012,21
AD->AD,d3,o_min,m072523_o_min_ord28_rk00009,28
AD->AD,d3,o_min,m066527_o_min_ord22_rk00013,22
AD->AD,d3,o_min,m073526_o_min_ord29_rk00012,29
AD->AD,d3,o_min,m058518_o_min_ord14_rk00004,14
AD->AD,d3,o_min,m061529_o_min_ord17_rk00015,17
AD->AD,d3,o_min,m070518_o_min_ord26_rk00004,26
AD->AD,d3,o_min,m048516_o_min_ord4_rk00002,4
AD->AD,d3,o_min,m064519_o_min_ord20_rk00005,20
AD->AD,d3,o_min,m065528_o_min_ord21_rk00014,21
AD->AD,d3,o_min,m067526_o_min_ord23_rk00012,23
AD->AD,d3,o_min,m067531_o_min_ord23_rk00017,23
AD->AD,d3,o_min,m062530_o_min_ord18_rk00016,18
AD->AD,d3,o_min,m067523_o_min_ord23_rk00009,23
AD->AD,d3,o_min,m072522_o_min_ord28_rk00008,28
AD->AD,d3,o_min,m072519_o_min_ord28_rk00005,28
AD->AD,d3,o_min,m048521_o_min_ord4_rk00007,4
AD->AD,d3,o_min,m071520_o_min_ord27_rk00006,27
AD->AD,d3,o_min,m072533_o_min_ord28_rk00019,28
AD->FTD,OLS,o_max,m001019_o_max_ord4_rk00020,4
AD->FTD,OLS,o_max,m000001_o_max_ord3_rk00002,3
AD->FTD,OLS,o_max,m004013_o_max_ord7_rk00014,7
AD->FTD,OLS,o_max,m003014_o_max_ord6_rk00015,6
AD->FTD,OLS,o_max,m012016_o_max_ord15_rk00017,15
AD->FTD,OLS,o_max,m007014_o_max_ord10_rk00015,10
AD->FTD,OLS,o_max,m011018_o_max_ord14_rk00019,14
AD->FTD,OLS,o_max,m008006_o_max_ord11_rk00007,11
AD->FTD,OLS,o_max,m007019_o_max_ord10_rk00020,10
AD->FTD,OLS,o_max,m003010_o_max_ord6_rk00011,6
AD->FTD,OLS,o_max,m007004_o_max_ord10_rk00005,10
AD->FTD,OLS,o_max,m009007_o_max_ord12_rk00008,12
AD->FTD,OLS,o_max,m000018_o_max_ord3_rk00019,3
AD->FTD,OLS,o_max,m007001_o_max_ord10_rk00002,10
AD->FTD,OLS,o_max,m006011_o_max_ord9_rk00012,9
AD->FTD,OLS,o_max,m003017_o_max_ord6_rk00018,6
AD->FTD,OLS,o_max,m003006_o_max_ord6_rk00007,6
AD->FTD,OLS,o_max,m002014_o_max_ord5_rk00015,5
AD->FTD,OLS,o_max,m002012_o_max_ord5_rk00013,5
AD->FTD,OLS,o_max,m009012_o_max_ord12_rk00013,12
AD->FTD,OLS,o_min,m048525_o_min_ord4_rk00011,4
AD->FTD,OLS,o_min,m048520_o_min_ord4_rk00006,4
AD->FTD,OLS,o_min,m047525_o_min_ord3_rk00011,3
AD->FTD,OLS,o_min,m047531_o_min_ord3_rk00017,3
AD->FTD,OLS,o_min,m048533_o_min_ord4_rk00019,4
AD->FTD,OLS,o_min,m048518_o_min_ord4_rk00004,4
AD->FTD,OLS,o_min,m048528_o_min_ord4_rk00014,4
AD->FTD,OLS,o_min,m047528_o_min_ord3_rk00014,3
AD->FTD,OLS,o_min,m048517_o_min_ord4_rk00003,4
AD->FTD,OLS,o_min,m048519_o_min_ord4_rk00005,4
AD->FTD,OLS,o_min,m048526_o_min_ord4_rk00012,4
AD->FTD,OLS,o_min,m048521_o_min_ord4_rk00007,4
AD->FTD,OLS,o_min,m047515_o_min_ord3_rk00001,3
AD->FTD,OLS,o_min,m048531_o_min_ord4_rk00017,4
AD->FTD,OLS,o_min,m047530_o_min_ord3_rk00016,3
AD->FTD,OLS,o_min,m047533_o_min_ord3_rk00019,3
AD->FTD,OLS,o_min,m047517_o_min_ord3_rk00003,3
AD->FTD,OLS,o_min,m053519_o_min_ord9_rk00005,9
AD->FTD,OLS,o_min,m048516_o_min_ord4_rk00002,4
AD->FTD,OLS,o_min,m050515_o_min_ord6_rk00001,6
AD->FTD,d1,o_max,m023000_o_max_ord26_rk00001,26
AD->FTD,d1,o_max,m020007_o_max_ord23_rk00008,23
AD->FTD,d1,o_max,m020004_o_max_ord23_rk00005,23
AD->FTD,d1,o_max,m018006_o_max_ord21_rk00007,21
AD->FTD,d1,o_max,m019014_o_max_ord22_rk00015,22
AD->FTD,d1,o_max,m024000_o_max_ord27_rk00001,27
AD->FTD,d1,o_max,m018015_o_max_ord21_rk00016,21
AD->FTD,d1,o_max,m026017_o_max_ord29_rk00018,29
AD->FTD,d1,o_max,m022002_o_max_ord25_rk00003,25
AD->FTD,d1,o_max,m020002_o_max_ord23_rk00003,23
AD->FTD,d1,o_max,m018000_o_max_ord21_rk00001,21
AD->FTD,d1,o_max,m025018_o_max_ord28_rk00019,28
AD->FTD,d1,o_max,m026018_o_max_ord29_rk00019,29
AD->FTD,d1,o_max,m021000_o_max_ord24_rk00001,24
AD->FTD,d1,o_max,m021019_o_max_ord24_rk00020,24
AD->FTD,d1,o_max,m018004_o_max_ord21_rk00005,21
AD->FTD,d1,o_max,m016000_o_max_ord19_rk00001,19
AD->FTD,d1,o_max,m014000_o_max_ord17_rk00001,17
AD->FTD,d1,o_max,m019004_o_max_ord22_rk00005,22
AD->FTD,d1,o_max,m020008_o_max_ord23_rk00009,23
AD->FTD,d1,o_min,m048534_o_min_ord4_rk00020,4
AD->FTD,d1,o_min,m049520_o_min_ord5_rk00006,5
AD->FTD,d1,o_min,m064517_o_min_ord20_rk00003,20
AD->FTD,d1,o_min,m059527_o_min_ord15_rk00013,15
AD->FTD,d1,o_min,m060523_o_min_ord16_rk00009,16
AD->FTD,d1,o_min,m060526_o_min_ord16_rk00012,16
AD->FTD,d1,o_min,m048524_o_min_ord4_rk00010,4
AD->FTD,d1,o_min,m048522_o_min_ord4_rk00008,4
AD->FTD,d1,o_min,m063526_o_min_ord19_rk00012,19
AD->FTD,d1,o_min,m047526_o_min_ord3_rk00012,3
AD->FTD,d1,o_min,m049534_o_min_ord5_rk00020,5
AD->FTD,d1,o_min,m056521_o_min_ord12_rk00007,12
AD->FTD,d1,o_min,m064529_o_min_ord20_rk00015,20
AD->FTD,d1,o_min,m066532_o_min_ord22_rk00018,22
AD->FTD,d1,o_min,m059533_o_min_ord15_rk00019,15
AD->FTD,d1,o_min,m059517_o_min_ord15_rk00003,15
AD->FTD,d1,o_min,m059519_o_min_ord15_rk00005,15
AD->FTD,d1,o_min,m061520_o_min_ord17_rk00006,17
AD->FTD,d1,o_min,m050522_o_min_ord6_rk00008,6
AD->FTD,d1,o_min,m055520_o_min_ord11_rk00006,11
AD->FTD,d2,o_max,m023000_o_max_ord26_rk00001,26
AD->FTD,d2,o_max,m021010_o_max_ord24_rk00011,24
AD->FTD,d2,o_max,m021019_o_max_ord24_rk00020,24
AD->FTD,d2,o_max,m015000_o_max_ord18_rk00001,18
AD->FTD,d2,o_max,m018004_o_max_ord21_rk00005,21
AD->FTD,d2,o_max,m022002_o_max_ord25_rk00003,25
AD->FTD,d2,o_max,m018012_o_max_ord21_rk00013,21
AD->FTD,d2,o_max,m026017_o_max_ord29_rk00018,29
AD->FTD,d2,o_max,m019000_o_max_ord22_rk00001,22
AD->FTD,d2,o_max,m021000_o_max_ord24_rk00001,24
AD->FTD,d2,o_max,m016000_o_max_ord19_rk00001,19
AD->FTD,d2,o_max,m017018_o_max_ord20_rk00019,20
AD->FTD,d2,o_max,m017011_o_max_ord20_rk00012,20
AD->FTD,d2,o_max,m018015_o_max_ord21_rk00016,21
AD->FTD,d2,o_max,m019001_o_max_ord22_rk00002,22
AD->FTD,d2,o_max,m019004_o_max_ord22_rk00005,22
AD->FTD,d2,o_max,m025018_o_max_ord28_rk00019,28
AD->FTD,d2,o_max,m020000_o_max_ord23_rk00001,23
AD->FTD,d2,o_max,m018006_o_max_ord21_rk00007,21
AD->FTD,d2,o_max,m017000_o_max_ord20_rk00001,20
AD->FTD,d2,o_min,m056526_o_min_ord12_rk00012,12
AD->FTD,d2,o_min,m058525_o_min_ord14_rk00011,14
AD->FTD,d2,o_min,m059524_o_min_ord15_rk00010,15
AD->FTD,d2,o_min,m058517_o_min_ord14_rk00003,14
AD->FTD,d2,o_min,m058533_o_min_ord14_rk00019,14
AD->FTD,d2,o_min,m049532_o_min_ord5_rk00018,5
AD->FTD,d2,o_min,m049518_o_min_ord5_rk00004,5
AD->FTD,d2,o_min,m058530_o_min_ord14_rk00016,14
AD->FTD,d2,o_min,m057523_o_min_ord13_rk00009,13
AD->FTD,d2,o_min,m048522_o_min_ord4_rk00008,4
AD->FTD,d2,o_min,m058516_o_min_ord14_rk00002,14
AD->FTD,d2,o_min,m065517_o_min_ord21_rk00003,21
AD->FTD,d2,o_min,m055531_o_min_ord11_rk00017,11
AD->FTD,d2,o_min,m066532_o_min_ord22_rk00018,22
AD->FTD,d2,o_min,m048520_o_min_ord4_rk00006,4
AD->FTD,d2,o_min,m061533_o_min_ord17_rk00019,17
AD->FTD,d2,o_min,m064527_o_min_ord20_rk00013,20
AD->FTD,d2,o_min,m057527_o_min_ord13_rk00013,13
AD->FTD,d2,o_min,m058524_o_min_ord14_rk00010,14
AD->FTD,d2,o_min,m048524_o_min_ord4_rk00010,4
AD->FTD,d3,o_max,m023000_o_max_ord26_rk00001,26
AD->FTD,d3,o_max,m025018_o_max_ord28_rk00019,28
AD->FTD,d3,o_max,m016000_o_max_ord19_rk00001,19
AD->FTD,d3,o_max,m021000_o_max_ord24_rk00001,24
AD->FTD,d3,o_max,m018000_o_max_ord21_rk00001,21
AD->FTD,d3,o_max,m022002_o_max_ord25_rk00003,25
AD->FTD,d3,o_max,m017018_o_max_ord20_rk00019,20
AD->FTD,d3,o_max,m017011_o_max_ord20_rk00012,20
AD->FTD,d3,o_max,m020004_o_max_ord23_rk00005,23
AD->FTD,d3,o_max,m018012_o_max_ord21_rk00013,21
AD->FTD,d3,o_max,m025000_o_max_ord28_rk00001,28
AD->FTD,d3,o_max,m026017_o_max_ord29_rk00018,29
AD->FTD,d3,o_max,m018004_o_max_ord21_rk00005,21
AD->FTD,d3,o_max,m021010_o_max_ord24_rk00011,24
AD->FTD,d3,o_max,m018015_o_max_ord21_rk00016,21
AD->FTD,d3,o_max,m024000_o_max_ord27_rk00001,27
AD->FTD,d3,o_max,m021019_o_max_ord24_rk00020,24
AD->FTD,d3,o_max,m019014_o_max_ord22_rk00015,22
AD->FTD,d3,o_max,m015000_o_max_ord18_rk00001,18
AD->FTD,d3,o_max,m020000_o_max_ord23_rk00001,23
AD->FTD,d3,o_min,m049518_o_min_ord5_rk00004,5
AD->FTD,d3,o_min,m058525_o_min_ord14_rk00011,14
AD->FTD,d3,o_min,m058533_o_min_ord14_rk00019,14
AD->FTD,d3,o_min,m056526_o_min_ord12_rk00012,12
AD->FTD,d3,o_min,m056521_o_min_ord12_rk00007,12
AD->FTD,d3,o_min,m059524_o_min_ord15_rk00010,15
AD->FTD,d3,o_min,m058524_o_min_ord14_rk00010,14
AD->FTD,d3,o_min,m055528_o_min_ord11_rk00014,11
AD->FTD,d3,o_min,m058522_o_min_ord14_rk00008,14
AD->FTD,d3,o_min,m058519_o_min_ord14_rk00005,14
AD->FTD,d3,o_min,m058531_o_min_ord14_rk00017,14
AD->FTD,d3,o_min,m059527_o_min_ord15_rk00013,15
AD->FTD,d3,o_min,m049522_o_min_ord5_rk00008,5
AD->FTD,d3,o_min,m061520_o_min_ord17_rk00006,17
AD->FTD,d3,o_min,m054522_o_min_ord10_rk00008,10
AD->FTD,d3,o_min,m062531_o_min_ord18_rk00017,18
AD->FTD,d3,o_min,m057523_o_min_ord13_rk00009,13
AD->FTD,d3,o_min,m058530_o_min_ord14_rk00016,14
AD->FTD,d3,o_min,m063521_o_min_ord19_rk00007,19
AD->FTD,d3,o_min,m057527_o_min_ord13_rk00013,13
FTD->FTD,OLS,o_max,m001011_o_max_ord4_rk00012,4
FTD->FTD,OLS,o_max,m003015_o_max_ord6_rk00016,6
FTD->FTD,OLS,o_max,m001015_o_max_ord4_rk00016,4
FTD->FTD,OLS,o_max,m000012_o_max_ord3_rk00013,3
FTD->FTD,OLS,o_max,m000000_o_max_ord3_rk00001,3
FTD->FTD,OLS,o_max,m001009_o_max_ord4_rk00010,4
FTD->FTD,OLS,o_max,m005010_o_max_ord8_rk00011,8
FTD->FTD,OLS,o_max,m001002_o_max_ord4_rk00003,4
FTD->FTD,OLS,o_max,m001018_o_max_ord4_rk00019,4
FTD->FTD,OLS,o_max,m002017_o_max_ord5_rk00018,5
FTD->FTD,OLS,o_max,m000017_o_max_ord3_rk00018,3
FTD->FTD,OLS,o_max,m001001_o_max_ord4_rk00002,4
FTD->FTD,OLS,o_max,m002006_o_max_ord5_rk00007,5
FTD->FTD,OLS,o_max,m003009_o_max_ord6_rk00010,6
FTD->FTD,OLS,o_max,m001017_o_max_ord4_rk00018,4
FTD->FTD,OLS,o_max,m002015_o_max_ord5_rk00016,5
FTD->FTD,OLS,o_max,m002003_o_max_ord5_rk00004,5
FTD->FTD,OLS,o_max,m001004_o_max_ord4_rk00005,4
FTD->FTD,OLS,o_max,m004014_o_max_ord7_rk00015,7
FTD->FTD,OLS,o_max,m003004_o_max_ord6_rk00005,6
FTD->FTD,OLS,o_min,m047524_o_min_ord3_rk00010,3
FTD->FTD,OLS,o_min,m047522_o_min_ord3_rk00008,3
FTD->FTD,OLS,o_min,m047530_o_min_ord3_rk00016,3
FTD->FTD,OLS,o_min,m048529_o_min_ord4_rk00015,4
FTD->FTD,OLS,o_min,m051526_o_min_ord7_rk00012,7
FTD->FTD,OLS,o_min,m051529_o_min_ord7_rk00015,7
FTD->FTD,OLS,o_min,m050533_o_min_ord6_rk00019,6
FTD->FTD,OLS,o_min,m053526_o_min_ord9_rk00012,9
FTD->FTD,OLS,o_min,m052516_o_min_ord8_rk00002,8
FTD->FTD,OLS,o_min,m051515_o_min_ord7_rk00001,7
FTD->FTD,OLS,o_min,m051521_o_min_ord7_rk00007,7
FTD->FTD,OLS,o_min,m047525_o_min_ord3_rk00011,3
FTD->FTD,OLS,o_min,m047518_o_min_ord3_rk00004,3
FTD->FTD,OLS,o_min,m051518_o_min_ord7_rk00004,7
FTD->FTD,OLS,o_min,m047516_o_min_ord3_rk00002,3
FTD->FTD,OLS,o_min,m051532_o_min_ord7_rk00018,7
FTD->FTD,OLS,o_min,m047527_o_min_ord3_rk00013,3
FTD->FTD,OLS,o_min,m050525_o_min_ord6_rk00011,6
FTD->FTD,OLS,o_min,m051516_o_min_ord7_rk00002,7
FTD->FTD,OLS,o_min,m047521_o_min_ord3_rk00007,3
FTD->FTD,d1,o_max,m002019_o_max_ord5_rk00020,5
FTD->FTD,d1,o_max,m001012_o_max_ord4_rk00013,4
FTD->FTD,d1,o_max,m001017_o_max_ord4_rk00018,4
FTD->FTD,d1,o_max,m002012_o_max_ord5_rk00013,5
FTD->FTD,d1,o_max,m003019_o_max_ord6_rk00020,6
FTD->FTD,d1,o_max,m000016_o_max_ord3_rk00017,3
FTD->FTD,d1,o_max,m002009_o_max_ord5_rk00010,5
FTD->FTD,d1,o_max,m000012_o_max_ord3_rk00013,3
FTD->FTD,d1,o_max,m001018_o_max_ord4_rk00019,4
FTD->FTD,d1,o_max,m000005_o_max_ord3_rk00006,3
FTD->FTD,d1,o_max,m003014_o_max_ord6_rk00015,6
FTD->FTD,d1,o_max,m001005_o_max_ord4_rk00006,4
FTD->FTD,d1,o_max,m000010_o_max_ord3_rk00011,3
FTD->FTD,d1,o_max,m000015_o_max_ord3_rk00016,3
FTD->FTD,d1,o_max,m000013_o_max_ord3_rk00014,3
FTD->FTD,d1,o_max,m001016_o_max_ord4_rk00017,4
FTD->FTD,d1,o_max,m004013_o_max_ord7_rk00014,7
FTD->FTD,d1,o_max,m002014_o_max_ord5_rk00015,5
FTD->FTD,d1,o_max,m001010_o_max_ord4_rk00011,4
FTD->FTD,d1,o_max,m023016_o_max_ord26_rk00017,26
FTD->FTD,d1,o_min,m047529_o_min_ord3_rk00015,3
FTD->FTD,d1,o_min,m073520_o_min_ord29_rk00006,29
FTD->FTD,d1,o_min,m073530_o_min_ord29_rk00016,29
FTD->FTD,d1,o_min,m073525_o_min_ord29_rk00011,29
FTD->FTD,d1,o_min,m051522_o_min_ord7_rk00008,7
FTD->FTD,d1,o_min,m047515_o_min_ord3_rk00001,3
FTD->FTD,d1,o_min,m058526_o_min_ord14_rk00012,14
FTD->FTD,d1,o_min,m047531_o_min_ord3_rk00017,3
FTD->FTD,d1,o_min,m051515_o_min_ord7_rk00001,7
FTD->FTD,d1,o_min,m047533_o_min_ord3_rk00019,3
FTD->FTD,d1,o_min,m047518_o_min_ord3_rk00004,3
FTD->FTD,d1,o_min,m047532_o_min_ord3_rk00018,3
FTD->FTD,d1,o_min,m047527_o_min_ord3_rk00013,3
FTD->FTD,d1,o_min,m073526_o_min_ord29_rk00012,29
FTD->FTD,d1,o_min,m073516_o_min_ord29_rk00002,29
FTD->FTD,d1,o_min,m072515_o_min_ord28_rk00001,28
FTD->FTD,d1,o_min,m049531_o_min_ord5_rk00017,5
FTD->FTD,d1,o_min,m047530_o_min_ord3_rk00016,3
FTD->FTD,d1,o_min,m050521_o_min_ord6_rk00007,6
FTD->FTD,d1,o_min,m047521_o_min_ord3_rk00007,3
FTD->FTD,d2,o_max,m001012_o_max_ord4_rk00013,4
FTD->FTD,d2,o_max,m002012_o_max_ord5_rk00013,5
FTD->FTD,d2,o_max,m002009_o_max_ord5_rk00010,5
FTD->FTD,d2,o_max,m003019_o_max_ord6_rk00020,6
FTD->FTD,d2,o_max,m018011_o_max_ord21_rk00012,21
FTD->FTD,d2,o_max,m001017_o_max_ord4_rk00018,4
FTD->FTD,d2,o_max,m002019_o_max_ord5_rk00020,5
FTD->FTD,d2,o_max,m000016_o_max_ord3_rk00017,3
FTD->FTD,d2,o_max,m018010_o_max_ord21_rk00011,21
FTD->FTD,d2,o_max,m000005_o_max_ord3_rk00006,3
FTD->FTD,d2,o_max,m018009_o_max_ord21_rk00010,21
FTD->FTD,d2,o_max,m013004_o_max_ord16_rk00005,16
FTD->FTD,d2,o_max,m015005_o_max_ord18_rk00006,18
FTD->FTD,d2,o_max,m023016_o_max_ord26_rk00017,26
FTD->FTD,d2,o_max,m003014_o_max_ord6_rk00015,6
FTD->FTD,d2,o_max,m018007_o_max_ord21_rk00008,21
FTD->FTD,d2,o_max,m018005_o_max_ord21_rk00006,21
FTD->FTD,d2,o_max,m022018_o_max_ord25_rk00019,25
FTD->FTD,d2,o_max,m000012_o_max_ord3_rk00013,3
FTD->FTD,d2,o_max,m016002_o_max_ord19_rk00003,19
FTD->FTD,d2,o_min,m073530_o_min_ord29_rk00016,29
FTD->FTD,d2,o_min,m073520_o_min_ord29_rk00006,29
FTD->FTD,d2,o_min,m073525_o_min_ord29_rk00011,29
FTD->FTD,d2,o_min,m073526_o_min_ord29_rk00012,29
FTD->FTD,d2,o_min,m047529_o_min_ord3_rk00015,3
FTD->FTD,d2,o_min,m051522_o_min_ord7_rk00008,7
FTD->FTD,d2,o_min,m049531_o_min_ord5_rk00017,5
FTD->FTD,d2,o_min,m054526_o_min_ord10_rk00012,10
FTD->FTD,d2,o_min,m047527_o_min_ord3_rk00013,3
FTD->FTD,d2,o_min,m073516_o_min_ord29_rk00002,29
FTD->FTD,d2,o_min,m047532_o_min_ord3_rk00018,3
FTD->FTD,d2,o_min,m047522_o_min_ord3_rk00008,3
FTD->FTD,d2,o_min,m074515_o_min_ord30_rk00001,30
FTD->FTD,d2,o_min,m047524_o_min_ord3_rk00010,3
FTD->FTD,d2,o_min,m047516_o_min_ord3_rk00002,3
FTD->FTD,d2,o_min,m050521_o_min_ord6_rk00007,6
FTD->FTD,d2,o_min,m047533_o_min_ord3_rk00019,3
FTD->FTD,d2,o_min,m047518_o_min_ord3_rk00004,3
FTD->FTD,d2,o_min,m051533_o_min_ord7_rk00019,7
FTD->FTD,d2,o_min,m073522_o_min_ord29_rk00008,29
FTD->FTD,d3,o_max,m003019_o_max_ord6_rk00020,6
FTD->FTD,d3,o_max,m002009_o_max_ord5_rk00010,5
FTD->FTD,d3,o_max,m002019_o_max_ord5_rk00020,5
FTD->FTD,d3,o_max,m002012_o_max_ord5_rk00013,5
FTD->FTD,d3,o_max,m001017_o_max_ord4_rk00018,4
FTD->FTD,d3,o_max,m009009_o_max_ord12_rk00010,12
FTD->FTD,d3,o_max,m017016_o_max_ord20_rk00017,20
FTD->FTD,d3,o_max,m020018_o_max_ord23_rk00019,23
FTD->FTD,d3,o_max,m023016_o_max_ord26_rk00017,26
FTD->FTD,d3,o_max,m001012_o_max_ord4_rk00013,4
FTD->FTD,d3,o_max,m016001_o_max_ord19_rk00002,19
FTD->FTD,d3,o_max,m027019_o_max_ord30_rk00020,30
FTD->FTD,d3,o_max,m015003_o_max_ord18_rk00004,18
FTD->FTD,d3,o_max,m027001_o_max_ord30_rk00002,30
FTD->FTD,d3,o_max,m023017_o_max_ord26_rk00018,26
FTD->FTD,d3,o_max,m015001_o_max_ord18_rk00002,18
FTD->FTD,d3,o_max,m000012_o_max_ord3_rk00013,3
FTD->FTD,d3,o_max,m003014_o_max_ord6_rk00015,6
FTD->FTD,d3,o_max,m001005_o_max_ord4_rk00006,4
FTD->FTD,d3,o_max,m016007_o_max_ord19_rk00008,19
FTD->FTD,d3,o_min,m047529_o_min_ord3_rk00015,3
FTD->FTD,d3,o_min,m073530_o_min_ord29_rk00016,29
FTD->FTD,d3,o_min,m073525_o_min_ord29_rk00011,29
FTD->FTD,d3,o_min,m073526_o_min_ord29_rk00012,29
FTD->FTD,d3,o_min,m073520_o_min_ord29_rk00006,29
FTD->FTD,d3,o_min,m047518_o_min_ord3_rk00004,3
FTD->FTD,d3,o_min,m047516_o_min_ord3_rk00002,3
FTD->FTD,d3,o_min,m047532_o_min_ord3_rk00018,3
FTD->FTD,d3,o_min,m047527_o_min_ord3_rk00013,3
FTD->FTD,d3,o_min,m047530_o_min_ord3_rk00016,3
FTD->FTD,d3,o_min,m054526_o_min_ord10_rk00012,10
FTD->FTD,d3,o_min,m073519_o_min_ord29_rk00005,29
FTD->FTD,d3,o_min,m047533_o_min_ord3_rk00019,3
FTD->FTD,d3,o_min,m051533_o_min_ord7_rk00019,7
FTD->FTD,d3,o_min,m050521_o_min_ord6_rk00007,6
FTD->FTD,d3,o_min,m073534_o_min_ord29_rk00020,29
FTD->FTD,d3,o_min,m051522_o_min_ord7_rk00008,7
FTD->FTD,d3,o_min,m063522_o_min_ord19_rk00008,19
FTD->FTD,d3,o_min,m072522_o_min_ord28_rk00008,28
FTD->FTD,d3,o_min,m073522_o_min_ord29_rk00008,29
FTD->AD,OLS,o_max,m000001_o_max_ord3_rk00002,3
FTD->AD,OLS,o_max,m000010_o_max_ord3_rk00011,3
FTD->AD,OLS,o_max,m000006_o_max_ord3_rk00007,3
FTD->AD,OLS,o_max,m000018_o_max_ord3_rk00019,3
FTD->AD,OLS,o_max,m000003_o_max_ord3_rk00004,3
FTD->AD,OLS,o_max,m000013_o_max_ord3_rk00014,3
FTD->AD,OLS,o_max,m000007_o_max_ord3_rk00008,3
FTD->AD,OLS,o_max,m000009_o_max_ord3_rk00010,3
FTD->AD,OLS,o_max,m015016_o_max_ord18_rk00017,18
FTD->AD,OLS,o_max,m000005_o_max_ord3_rk00006,3
FTD->AD,OLS,o_max,m001005_o_max_ord4_rk00006,4
FTD->AD,OLS,o_max,m000008_o_max_ord3_rk00009,3
FTD->AD,OLS,o_max,m000016_o_max_ord3_rk00017,3
FTD->AD,OLS,o_max,m002014_o_max_ord5_rk00015,5
FTD->AD,OLS,o_max,m000011_o_max_ord3_rk00012,3
FTD->AD,OLS,o_max,m014002_o_max_ord17_rk00003,17
FTD->AD,OLS,o_max,m015018_o_max_ord18_rk00019,18
FTD->AD,OLS,o_max,m002018_o_max_ord5_rk00019,5
FTD->AD,OLS,o_max,m003014_o_max_ord6_rk00015,6
FTD->AD,OLS,o_max,m000004_o_max_ord3_rk00005,3
FTD->AD,OLS,o_min,m052532_o_min_ord8_rk00018,8
FTD->AD,OLS,o_min,m051531_o_min_ord7_rk00017,7
FTD->AD,OLS,o_min,m049527_o_min_ord5_rk00013,5
FTD->AD,OLS,o_min,m051532_o_min_ord7_rk00018,7
FTD->AD,OLS,o_min,m052524_o_min_ord8_rk00010,8
FTD->AD,OLS,o_min,m047517_o_min_ord3_rk00003,3
FTD->AD,OLS,o_min,m051518_o_min_ord7_rk00004,7
FTD->AD,OLS,o_min,m051526_o_min_ord7_rk00012,7
FTD->AD,OLS,o_min,m053533_o_min_ord9_rk00019,9
FTD->AD,OLS,o_min,m053529_o_min_ord9_rk00015,9
FTD->AD,OLS,o_min,m050532_o_min_ord6_rk00018,6
FTD->AD,OLS,o_min,m053527_o_min_ord9_rk00013,9
FTD->AD,OLS,o_min,m048532_o_min_ord4_rk00018,4
FTD->AD,OLS,o_min,m052517_o_min_ord8_rk00003,8
FTD->AD,OLS,o_min,m053523_o_min_ord9_rk00009,9
FTD->AD,OLS,o_min,m050533_o_min_ord6_rk00019,6
FTD->AD,OLS,o_min,m047525_o_min_ord3_rk00011,3
FTD->AD,OLS,o_min,m051521_o_min_ord7_rk00007,7
FTD->AD,OLS,o_min,m048521_o_min_ord4_rk00007,4
FTD->AD,OLS,o_min,m050531_o_min_ord6_rk00017,6
FTD->AD,d1,o_max,m003019_o_max_ord6_rk00020,6
FTD->AD,d1,o_max,m000001_o_max_ord3_rk00002,3
FTD->AD,d1,o_max,m001007_o_max_ord4_rk00008,4
FTD->AD,d1,o_max,m003014_o_max_ord6_rk00015,6
FTD->AD,d1,o_max,m001012_o_max_ord4_rk00013,4
FTD->AD,d1,o_max,m001019_o_max_ord4_rk00020,4
FTD->AD,d1,o_max,m002009_o_max_ord5_rk00010,5
FTD->AD,d1,o_max,m000003_o_max_ord3_rk00004,3
FTD->AD,d1,o_max,m001016_o_max_ord4_rk00017,4
FTD->AD,d1,o_max,m001005_o_max_ord4_rk00006,4
FTD->AD,d1,o_max,m025003_o_max_ord28_rk00004,28
FTD->AD,d1,o_max,m025014_o_max_ord28_rk00015,28
FTD->AD,d1,o_max,m000013_o_max_ord3_rk00014,3
FTD->AD,d1,o_max,m002019_o_max_ord5_rk00020,5
FTD->AD,d1,o_max,m002012_o_max_ord5_rk00013,5
FTD->AD,d1,o_max,m025017_o_max_ord28_rk00018,28
FTD->AD,d1,o_max,m000010_o_max_ord3_rk00011,3
FTD->AD,d1,o_max,m000016_o_max_ord3_rk00017,3
FTD->AD,d1,o_max,m023016_o_max_ord26_rk00017,26
FTD->AD,d1,o_max,m000015_o_max_ord3_rk00016,3
FTD->AD,d1,o_min,m049530_o_min_ord5_rk00016,5
FTD->AD,d1,o_min,m048518_o_min_ord4_rk00004,4
FTD->AD,d1,o_min,m072528_o_min_ord28_rk00014,28
FTD->AD,d1,o_min,m048529_o_min_ord4_rk00015,4
FTD->AD,d1,o_min,m061523_o_min_ord17_rk00009,17
FTD->AD,d1,o_min,m048532_o_min_ord4_rk00018,4
FTD->AD,d1,o_min,m072522_o_min_ord28_rk00008,28
FTD->AD,d1,o_min,m072530_o_min_ord28_rk00016,28
FTD->AD,d1,o_min,m047520_o_min_ord3_rk00006,3
FTD->AD,d1,o_min,m071529_o_min_ord27_rk00015,27
FTD->AD,d1,o_min,m048523_o_min_ord4_rk00009,4
FTD->AD,d1,o_min,m048516_o_min_ord4_rk00002,4
FTD->AD,d1,o_min,m048517_o_min_ord4_rk00003,4
FTD->AD,d1,o_min,m047529_o_min_ord3_rk00015,3
FTD->AD,d1,o_min,m049533_o_min_ord5_rk00019,5
FTD->AD,d1,o_min,m072527_o_min_ord28_rk00013,28
FTD->AD,d1,o_min,m061527_o_min_ord17_rk00013,17
FTD->AD,d1,o_min,m073534_o_min_ord29_rk00020,29
FTD->AD,d1,o_min,m072524_o_min_ord28_rk00010,28
FTD->AD,d1,o_min,m073520_o_min_ord29_rk00006,29
FTD->AD,d2,o_max,m000003_o_max_ord3_rk00004,3
FTD->AD,d2,o_max,m002009_o_max_ord5_rk00010,5
FTD->AD,d2,o_max,m003019_o_max_ord6_rk00020,6
FTD->AD,d2,o_max,m000005_o_max_ord3_rk00006,3
FTD->AD,d2,o_max,m003014_o_max_ord6_rk00015,6
FTD->AD,d2,o_max,m001007_o_max_ord4_rk00008,4
FTD->AD,d2,o_max,m001005_o_max_ord4_rk00006,4
FTD->AD,d2,o_max,m001012_o_max_ord4_rk00013,4
FTD->AD,d2,o_max,m000001_o_max_ord3_rk00002,3
FTD->AD,d2,o_max,m000016_o_max_ord3_rk00017,3
FTD->AD,d2,o_max,m002012_o_max_ord5_rk00013,5
FTD->AD,d2,o_max,m000013_o_max_ord3_rk00014,3
FTD->AD,d2,o_max,m022011_o_max_ord25_rk00012,25
FTD->AD,d2,o_max,m022015_o_max_ord25_rk00016,25
FTD->AD,d2,o_max,m000010_o_max_ord3_rk00011,3
FTD->AD,d2,o_max,m018019_o_max_ord21_rk00020,21
FTD->AD,d2,o_max,m018005_o_max_ord21_rk00006,21
FTD->AD,d2,o_max,m001019_o_max_ord4_rk00020,4
FTD->AD,d2,o_max,m022017_o_max_ord25_rk00018,25
FTD->AD,d2,o_max,m022018_o_max_ord25_rk00019,25
FTD->AD,d2,o_min,m048516_o_min_ord4_rk00002,4
FTD->AD,d2,o_min,m049530_o_min_ord5_rk00016,5
FTD->AD,d2,o_min,m048517_o_min_ord4_rk00003,4
FTD->AD,d2,o_min,m048532_o_min_ord4_rk00018,4
FTD->AD,d2,o_min,m048523_o_min_ord4_rk00009,4
FTD->AD,d2,o_min,m048518_o_min_ord4_rk00004,4
FTD->AD,d2,o_min,m061527_o_min_ord17_rk00013,17
FTD->AD,d2,o_min,m073525_o_min_ord29_rk00011,29
FTD->AD,d2,o_min,m073518_o_min_ord29_rk00004,29
FTD->AD,d2,o_min,m050532_o_min_ord6_rk00018,6
FTD->AD,d2,o_min,m048529_o_min_ord4_rk00015,4
FTD->AD,d2,o_min,m048519_o_min_ord4_rk00005,4
FTD->AD,d2,o_min,m071529_o_min_ord27_rk00015,27
FTD->AD,d2,o_min,m047532_o_min_ord3_rk00018,3
FTD->AD,d2,o_min,m047520_o_min_ord3_rk00006,3
FTD->AD,d2,o_min,m073515_o_min_ord29_rk00001,29
FTD->AD,d2,o_min,m072529_o_min_ord28_rk00015,28
FTD->AD,d2,o_min,m073520_o_min_ord29_rk00006,29
FTD->AD,d2,o_min,m061517_o_min_ord17_rk00003,17
FTD->AD,d2,o_min,m072530_o_min_ord28_rk00016,28
FTD->AD,d3,o_max,m000003_o_max_ord3_rk00004,3
FTD->AD,d3,o_max,m003014_o_max_ord6_rk00015,6
FTD->AD,d3,o_max,m003019_o_max_ord6_rk00020,6
FTD->AD,d3,o_max,m001005_o_max_ord4_rk00006,4
FTD->AD,d3,o_max,m000005_o_max_ord3_rk00006,3
FTD->AD,d3,o_max,m002012_o_max_ord5_rk00013,5
FTD->AD,d3,o_max,m001012_o_max_ord4_rk00013,4
FTD->AD,d3,o_max,m009009_o_max_ord12_rk00010,12
FTD->AD,d3,o_max,m002009_o_max_ord5_rk00010,5
FTD->AD,d3,o_max,m006010_o_max_ord9_rk00011,9
FTD->AD,d3,o_max,m018000_o_max_ord21_rk00001,21
FTD->AD,d3,o_max,m027003_o_max_ord30_rk00004,30
FTD->AD,d3,o_max,m009011_o_max_ord12_rk00012,12
FTD->AD,d3,o_max,m000012_o_max_ord3_rk00013,3
FTD->AD,d3,o_max,m000016_o_max_ord3_rk00017,3
FTD->AD,d3,o_max,m001007_o_max_ord4_rk00008,4
FTD->AD,d3,o_max,m027001_o_max_ord30_rk00002,30
FTD->AD,d3,o_max,m027019_o_max_ord30_rk00020,30
FTD->AD,d3,o_max,m009002_o_max_ord12_rk00003,12
FTD->AD,d3,o_max,m020018_o_max_ord23_rk00019,23
FTD->AD,d3,o_min,m071529_o_min_ord27_rk00015,27
FTD->AD,d3,o_min,m049530_o_min_ord5_rk00016,5
FTD->AD,d3,o_min,m061523_o_min_ord17_rk00009,17
FTD->AD,d3,o_min,m048518_o_min_ord4_rk00004,4
FTD->AD,d3,o_min,m071521_o_min_ord27_rk00007,27
FTD->AD,d3,o_min,m048516_o_min_ord4_rk00002,4
FTD->AD,d3,o_min,m074529_o_min_ord30_rk00015,30
FTD->AD,d3,o_min,m061527_o_min_ord17_rk00013,17
FTD->AD,d3,o_min,m048519_o_min_ord4_rk00005,4
FTD->AD,d3,o_min,m047529_o_min_ord3_rk00015,3
FTD->AD,d3,o_min,m048517_o_min_ord4_rk00003,4
FTD->AD,d3,o_min,m074515_o_min_ord30_rk00001,30
FTD->AD,d3,o_min,m065522_o_min_ord21_rk00008,21
FTD->AD,d3,o_min,m059526_o_min_ord15_rk00012,15
FTD->AD,d3,o_min,m073525_o_min_ord29_rk00011,29
FTD->AD,d3,o_min,m047534_o_min_ord3_rk00020,3
FTD->AD,d3,o_min,m069530_o_min_ord25_rk00016,25
FTD->AD,d3,o_min,m059516_o_min_ord15_rk00002,15
FTD->AD,d3,o_min,m074525_o_min_ord30_rk00011,30
FTD->AD,d3,o_min,m068532_o_min_ord24_rk00018,24
AD+FTD->AD,OLS,o_max,m000009_o_max_ord3_rk00010,3
AD+FTD->AD,OLS,o_max,m000011_o_max_ord3_rk00012,3
AD+FTD->AD,OLS,o_max,m000019_o_max_ord3_rk00020,3
AD+FTD->AD,OLS,o_max,m001008_o_max_ord4_rk00009,4
AD+FTD->AD,OLS,o_max,m000002_o_max_ord3_rk00003,3
AD+FTD->AD,OLS,o_max,m002004_o_max_ord5_rk00005,5
AD+FTD->AD,OLS,o_max,m000010_o_max_ord3_rk00011,3
AD+FTD->AD,OLS,o_max,m000007_o_max_ord3_rk00008,3
AD+FTD->AD,OLS,o_max,m001013_o_max_ord4_rk00014,4
AD+FTD->AD,OLS,o_max,m001006_o_max_ord4_rk00007,4
AD+FTD->AD,OLS,o_max,m000018_o_max_ord3_rk00019,3
AD+FTD->AD,OLS,o_max,m000006_o_max_ord3_rk00007,3
AD+FTD->AD,OLS,o_max,m000017_o_max_ord3_rk00018,3
AD+FTD->AD,OLS,o_max,m000000_o_max_ord3_rk00001,3
AD+FTD->AD,OLS,o_max,m000003_o_max_ord3_rk00004,3
AD+FTD->AD,OLS,o_max,m002010_o_max_ord5_rk00011,5
AD+FTD->AD,OLS,o_max,m001009_o_max_ord4_rk00010,4
AD+FTD->AD,OLS,o_max,m000015_o_max_ord3_rk00016,3
AD+FTD->AD,OLS,o_max,m001016_o_max_ord4_rk00017,4
AD+FTD->AD,OLS,o_max,m000014_o_max_ord3_rk00015,3
AD+FTD->AD,OLS,o_min,m048533_o_min_ord4_rk00019,4
AD+FTD->AD,OLS,o_min,m048519_o_min_ord4_rk00005,4
AD+FTD->AD,OLS,o_min,m048526_o_min_ord4_rk00012,4
AD+FTD->AD,OLS,o_min,m048528_o_min_ord4_rk00014,4
AD+FTD->AD,OLS,o_min,m048517_o_min_ord4_rk00003,4
AD+FTD->AD,OLS,o_min,m048518_o_min_ord4_rk00004,4
AD+FTD->AD,OLS,o_min,m048532_o_min_ord4_rk00018,4
AD+FTD->AD,OLS,o_min,m048530_o_min_ord4_rk00016,4
AD+FTD->AD,OLS,o_min,m048525_o_min_ord4_rk00011,4
AD+FTD->AD,OLS,o_min,m047533_o_min_ord3_rk00019,3
AD+FTD->AD,OLS,o_min,m048527_o_min_ord4_rk00013,4
AD+FTD->AD,OLS,o_min,m048520_o_min_ord4_rk00006,4
AD+FTD->AD,OLS,o_min,m047515_o_min_ord3_rk00001,3
AD+FTD->AD,OLS,o_min,m047527_o_min_ord3_rk00013,3
AD+FTD->AD,OLS,o_min,m047521_o_min_ord3_rk00007,3
AD+FTD->AD,OLS,o_min,m048522_o_min_ord4_rk00008,4
AD+FTD->AD,OLS,o_min,m047532_o_min_ord3_rk00018,3
AD+FTD->AD,OLS,o_min,m047534_o_min_ord3_rk00020,3
AD+FTD->AD,OLS,o_min,m048524_o_min_ord4_rk00010,4
AD+FTD->AD,OLS,o_min,m048523_o_min_ord4_rk00009,4
AD+FTD->AD,d1,o_max,m004005_o_max_ord7_rk00006,7
AD+FTD->AD,d1,o_max,m004008_o_max_ord7_rk00009,7
AD+FTD->AD,d1,o_max,m000017_o_max_ord3_rk00018,3
AD+FTD->AD,d1,o_max,m000007_o_max_ord3_rk00008,3
AD+FTD->AD,d1,o_max,m001010_o_max_ord4_rk00011,4
AD+FTD->AD,d1,o_max,m003000_o_max_ord6_rk00001,6
AD+FTD->AD,d1,o_max,m000005_o_max_ord3_rk00006,3
AD+FTD->AD,d1,o_max,m003010_o_max_ord6_rk00011,6
AD+FTD->AD,d1,o_max,m005017_o_max_ord8_rk00018,8
AD+FTD->AD,d1,o_max,m006001_o_max_ord9_rk00002,9
AD+FTD->AD,d1,o_max,m004001_o_max_ord7_rk00002,7
AD+FTD->AD,d1,o_max,m002002_o_max_ord5_rk00003,5
AD+FTD->AD,d1,o_max,m006013_o_max_ord9_rk00014,9
AD+FTD->AD,d1,o_max,m004017_o_max_ord7_rk00018,7
AD+FTD->AD,d1,o_max,m000016_o_max_ord3_rk00017,3
AD+FTD->AD,d1,o_max,m004010_o_max_ord7_rk00011,7
AD+FTD->AD,d1,o_max,m006016_o_max_ord9_rk00017,9
AD+FTD->AD,d1,o_max,m004009_o_max_ord7_rk00010,7
AD+FTD->AD,d1,o_max,m003018_o_max_ord6_rk00019,6
AD+FTD->AD,d1,o_max,m004000_o_max_ord7_rk00001,7
AD+FTD->AD,d1,o_min,m071517_o_min_ord27_rk00003,27
AD+FTD->AD,d1,o_min,m070527_o_min_ord26_rk00013,26
AD+FTD->AD,d1,o_min,m069531_o_min_ord25_rk00017,25
AD+FTD->AD,d1,o_min,m071518_o_min_ord27_rk00004,27
AD+FTD->AD,d1,o_min,m067522_o_min_ord23_rk00008,23
AD+FTD->AD,d1,o_min,m066527_o_min_ord22_rk00013,22
AD+FTD->AD,d1,o_min,m072533_o_min_ord28_rk00019,28
AD+FTD->AD,d1,o_min,m068528_o_min_ord24_rk00014,24
AD+FTD->AD,d1,o_min,m062529_o_min_ord18_rk00015,18
AD+FTD->AD,d1,o_min,m062533_o_min_ord18_rk00019,18
AD+FTD->AD,d1,o_min,m071533_o_min_ord27_rk00019,27
AD+FTD->AD,d1,o_min,m048521_o_min_ord4_rk00007,4
AD+FTD->AD,d1,o_min,m070516_o_min_ord26_rk00002,26
AD+FTD->AD,d1,o_min,m072521_o_min_ord28_rk00007,28
AD+FTD->AD,d1,o_min,m064528_o_min_ord20_rk00014,20
AD+FTD->AD,d1,o_min,m061533_o_min_ord17_rk00019,17
AD+FTD->AD,d1,o_min,m066522_o_min_ord22_rk00008,22
AD+FTD->AD,d1,o_min,m066516_o_min_ord22_rk00002,22
AD+FTD->AD,d1,o_min,m069523_o_min_ord25_rk00009,25
AD+FTD->AD,d1,o_min,m065525_o_min_ord21_rk00011,21
AD+FTD->AD,d2,o_max,m001016_o_max_ord4_rk00017,4
AD+FTD->AD,d2,o_max,m000015_o_max_ord3_rk00016,3
AD+FTD->AD,d2,o_max,m001010_o_max_ord4_rk00011,4
AD+FTD->AD,d2,o_max,m004017_o_max_ord7_rk00018,7
AD+FTD->AD,d2,o_max,m000007_o_max_ord3_rk00008,3
AD+FTD->AD,d2,o_max,m000017_o_max_ord3_rk00018,3
AD+FTD->AD,d2,o_max,m002009_o_max_ord5_rk00010,5
AD+FTD->AD,d2,o_max,m004001_o_max_ord7_rk00002,7
AD+FTD->AD,d2,o_max,m000013_o_max_ord3_rk00014,3
AD+FTD->AD,d2,o_max,m001012_o_max_ord4_rk00013,4
AD+FTD->AD,d2,o_max,m000016_o_max_ord3_rk00017,3
AD+FTD->AD,d2,o_max,m001005_o_max_ord4_rk00006,4
AD+FTD->AD,d2,o_max,m002014_o_max_ord5_rk00015,5
AD+FTD->AD,d2,o_max,m005017_o_max_ord8_rk00018,8
AD+FTD->AD,d2,o_max,m004000_o_max_ord7_rk00001,7
AD+FTD->AD,d2,o_max,m004008_o_max_ord7_rk00009,7
AD+FTD->AD,d2,o_max,m004005_o_max_ord7_rk00006,7
AD+FTD->AD,d2,o_max,m002005_o_max_ord5_rk00006,5
AD+FTD->AD,d2,o_max,m004010_o_max_ord7_rk00011,7
AD+FTD->AD,d2,o_max,m003013_o_max_ord6_rk00014,6
AD+FTD->AD,d2,o_min,m063530_o_min_ord19_rk00016,19
AD+FTD->AD,d2,o_min,m063531_o_min_ord19_rk00017,19
AD+FTD->AD,d2,o_min,m048521_o_min_ord4_rk00007,4
AD+FTD->AD,d2,o_min,m049530_o_min_ord5_rk00016,5
AD+FTD->AD,d2,o_min,m066527_o_min_ord22_rk00013,22
AD+FTD->AD,d2,o_min,m048516_o_min_ord4_rk00002,4
AD+FTD->AD,d2,o_min,m062525_o_min_ord18_rk00011,18
AD+FTD->AD,d2,o_min,m070527_o_min_ord26_rk00013,26
AD+FTD->AD,d2,o_min,m069532_o_min_ord25_rk00018,25
AD+FTD->AD,d2,o_min,m064516_o_min_ord20_rk00002,20
AD+FTD->AD,d2,o_min,m067530_o_min_ord23_rk00016,23
AD+FTD->AD,d2,o_min,m063525_o_min_ord19_rk00011,19
AD+FTD->AD,d2,o_min,m067531_o_min_ord23_rk00017,23
AD+FTD->AD,d2,o_min,m057529_o_min_ord13_rk00015,13
AD+FTD->AD,d2,o_min,m062529_o_min_ord18_rk00015,18
AD+FTD->AD,d2,o_min,m060534_o_min_ord16_rk00020,16
AD+FTD->AD,d2,o_min,m067527_o_min_ord23_rk00013,23
AD+FTD->AD,d2,o_min,m055534_o_min_ord11_rk00020,11
AD+FTD->AD,d2,o_min,m072533_o_min_ord28_rk00019,28
AD+FTD->AD,d2,o_min,m071531_o_min_ord27_rk00017,27
AD+FTD->AD,d3,o_max,m006016_o_max_ord9_rk00017,9
AD+FTD->AD,d3,o_max,m003014_o_max_ord6_rk00015,6
AD+FTD->AD,d3,o_max,m000017_o_max_ord3_rk00018,3
AD+FTD->AD,d3,o_max,m000015_o_max_ord3_rk00016,3
AD+FTD->AD,d3,o_max,m001000_o_max_ord4_rk00001,4
AD+FTD->AD,d3,o_max,m006013_o_max_ord9_rk00014,9
AD+FTD->AD,d3,o_max,m004010_o_max_ord7_rk00011,7
AD+FTD->AD,d3,o_max,m006008_o_max_ord9_rk00009,9
AD+FTD->AD,d3,o_max,m002001_o_max_ord5_rk00002,5
AD+FTD->AD,d3,o_max,m000016_o_max_ord3_rk00017,3
AD+FTD->AD,d3,o_max,m005017_o_max_ord8_rk00018,8
AD+FTD->AD,d3,o_max,m004011_o_max_ord7_rk00012,7
AD+FTD->AD,d3,o_max,m003000_o_max_ord6_rk00001,6
AD+FTD->AD,d3,o_max,m004012_o_max_ord7_rk00013,7
AD+FTD->AD,d3,o_max,m005012_o_max_ord8_rk00013,8
AD+FTD->AD,d3,o_max,m004000_o_max_ord7_rk00001,7
AD+FTD->AD,d3,o_max,m004017_o_max_ord7_rk00018,7
AD+FTD->AD,d3,o_max,m026015_o_max_ord29_rk00016,29
AD+FTD->AD,d3,o_max,m003013_o_max_ord6_rk00014,6
AD+FTD->AD,d3,o_max,m023016_o_max_ord26_rk00017,26
AD+FTD->AD,d3,o_min,m062525_o_min_ord18_rk00011,18
AD+FTD->AD,d3,o_min,m061533_o_min_ord17_rk00019,17
AD+FTD->AD,d3,o_min,m049530_o_min_ord5_rk00016,5
AD+FTD->AD,d3,o_min,m066528_o_min_ord22_rk00014,22
AD+FTD->AD,d3,o_min,m060534_o_min_ord16_rk00020,16
AD+FTD->AD,d3,o_min,m062515_o_min_ord18_rk00001,18
AD+FTD->AD,d3,o_min,m070519_o_min_ord26_rk00005,26
AD+FTD->AD,d3,o_min,m061520_o_min_ord17_rk00006,17
AD+FTD->AD,d3,o_min,m065515_o_min_ord21_rk00001,21
AD+FTD->AD,d3,o_min,m066527_o_min_ord22_rk00013,22
AD+FTD->AD,d3,o_min,m048521_o_min_ord4_rk00007,4
AD+FTD->AD,d3,o_min,m066534_o_min_ord22_rk00020,22
AD+FTD->AD,d3,o_min,m066520_o_min_ord22_rk00006,22
AD+FTD->AD,d3,o_min,m072533_o_min_ord28_rk00019,28
AD+FTD->AD,d3,o_min,m065516_o_min_ord21_rk00002,21
AD+FTD->AD,d3,o_min,m071531_o_min_ord27_rk00017,27
AD+FTD->AD,d3,o_min,m066515_o_min_ord22_rk00001,22
AD+FTD->AD,d3,o_min,m066523_o_min_ord22_rk00009,22
AD+FTD->AD,d3,o_min,m064528_o_min_ord20_rk00014,20
AD+FTD->AD,d3,o_min,m065525_o_min_ord21_rk00011,21
AD+FTD->FTD,OLS,o_max,m001011_o_max_ord4_rk00012,4
AD+FTD->FTD,OLS,o_max,m003015_o_max_ord6_rk00016,6
AD+FTD->FTD,OLS,o_max,m001002_o_max_ord4_rk00003,4
AD+FTD->FTD,OLS,o_max,m001009_o_max_ord4_rk00010,4
AD+FTD->FTD,OLS,o_max,m004008_o_max_ord7_rk00009,7
AD+FTD->FTD,OLS,o_max,m005015_o_max_ord8_rk00016,8
AD+FTD->FTD,OLS,o_max,m003009_o_max_ord6_rk00010,6
AD+FTD->FTD,OLS,o_max,m002017_o_max_ord5_rk00018,5
AD+FTD->FTD,OLS,o_max,m001015_o_max_ord4_rk00016,4
AD+FTD->FTD,OLS,o_max,m000000_o_max_ord3_rk00001,3
AD+FTD->FTD,OLS,o_max,m003016_o_max_ord6_rk00017,6
AD+FTD->FTD,OLS,o_max,m000011_o_max_ord3_rk00012,3
AD+FTD->FTD,OLS,o_max,m002003_o_max_ord5_rk00004,5
AD+FTD->FTD,OLS,o_max,m002013_o_max_ord5_rk00014,5
AD+FTD->FTD,OLS,o_max,m004018_o_max_ord7_rk00019,7
AD+FTD->FTD,OLS,o_max,m003008_o_max_ord6_rk00009,6
AD+FTD->FTD,OLS,o_max,m005010_o_max_ord8_rk00011,8
AD+FTD->FTD,OLS,o_max,m004007_o_max_ord7_rk00008,7
AD+FTD->FTD,OLS,o_max,m004006_o_max_ord7_rk00007,7
AD+FTD->FTD,OLS,o_max,m003000_o_max_ord6_rk00001,6
AD+FTD->FTD,OLS,o_min,m051529_o_min_ord7_rk00015,7
AD+FTD->FTD,OLS,o_min,m051526_o_min_ord7_rk00012,7
AD+FTD->FTD,OLS,o_min,m047530_o_min_ord3_rk00016,3
AD+FTD->FTD,OLS,o_min,m047524_o_min_ord3_rk00010,3
AD+FTD->FTD,OLS,o_min,m051516_o_min_ord7_rk00002,7
AD+FTD->FTD,OLS,o_min,m051519_o_min_ord7_rk00005,7
AD+FTD->FTD,OLS,o_min,m047522_o_min_ord3_rk00008,3
AD+FTD->FTD,OLS,o_min,m050515_o_min_ord6_rk00001,6
AD+FTD->FTD,OLS,o_min,m048529_o_min_ord4_rk00015,4
AD+FTD->FTD,OLS,o_min,m047525_o_min_ord3_rk00011,3
AD+FTD->FTD,OLS,o_min,m052525_o_min_ord8_rk00011,8
AD+FTD->FTD,OLS,o_min,m049532_o_min_ord5_rk00018,5
AD+FTD->FTD,OLS,o_min,m047518_o_min_ord3_rk00004,3
AD+FTD->FTD,OLS,o_min,m047516_o_min_ord3_rk00002,3
AD+FTD->FTD,OLS,o_min,m050533_o_min_ord6_rk00019,6
AD+FTD->FTD,OLS,o_min,m052515_o_min_ord8_rk00001,8
AD+FTD->FTD,OLS,o_min,m050525_o_min_ord6_rk00011,6
AD+FTD->FTD,OLS,o_min,m049528_o_min_ord5_rk00014,5
AD+FTD->FTD,OLS,o_min,m052520_o_min_ord8_rk00006,8
AD+FTD->FTD,OLS,o_min,m049523_o_min_ord5_rk00009,5
AD+FTD->FTD,d1,o_max,m022016_o_max_ord25_rk00017,25
AD+FTD->FTD,d1,o_max,m023008_o_max_ord26_rk00009,26
AD+FTD->FTD,d1,o_max,m023018_o_max_ord26_rk00019,26
AD+FTD->FTD,d1,o_max,m026015_o_max_ord29_rk00016,29
AD+FTD->FTD,d1,o_max,m025004_o_max_ord28_rk00005,28
AD+FTD->FTD,d1,o_max,m022000_o_max_ord25_rk00001,25
AD+FTD->FTD,d1,o_max,m024019_o_max_ord27_rk00020,27
AD+FTD->FTD,d1,o_max,m022012_o_max_ord25_rk00013,25
AD+FTD->FTD,d1,o_max,m024018_o_max_ord27_rk00019,27
AD+FTD->FTD,d1,o_max,m019017_o_max_ord22_rk00018,22
AD+FTD->FTD,d1,o_max,m026012_o_max_ord29_rk00013,29
AD+FTD->FTD,d1,o_max,m026016_o_max_ord29_rk00017,29
AD+FTD->FTD,d1,o_max,m027009_o_max_ord30_rk00010,30
AD+FTD->FTD,d1,o_max,m026008_o_max_ord29_rk00009,29
AD+FTD->FTD,d1,o_max,m027015_o_max_ord30_rk00016,30
AD+FTD->FTD,d1,o_max,m023019_o_max_ord26_rk00020,26
AD+FTD->FTD,d1,o_max,m023013_o_max_ord26_rk00014,26
AD+FTD->FTD,d1,o_max,m024003_o_max_ord27_rk00004,27
AD+FTD->FTD,d1,o_max,m023016_o_max_ord26_rk00017,26
AD+FTD->FTD,d1,o_max,m023005_o_max_ord26_rk00006,26
AD+FTD->FTD,d1,o_min,m072521_o_min_ord28_rk00007,28
AD+FTD->FTD,d1,o_min,m062533_o_min_ord18_rk00019,18
AD+FTD->FTD,d1,o_min,m070530_o_min_ord26_rk00016,26
AD+FTD->FTD,d1,o_min,m066533_o_min_ord22_rk00019,22
AD+FTD->FTD,d1,o_min,m064521_o_min_ord20_rk00007,20
AD+FTD->FTD,d1,o_min,m067522_o_min_ord23_rk00008,23
AD+FTD->FTD,d1,o_min,m047529_o_min_ord3_rk00015,3
AD+FTD->FTD,d1,o_min,m074530_o_min_ord30_rk00016,30
AD+FTD->FTD,d1,o_min,m072533_o_min_ord28_rk00019,28
AD+FTD->FTD,d1,o_min,m070529_o_min_ord26_rk00015,26
AD+FTD->FTD,d1,o_min,m070519_o_min_ord26_rk00005,26
AD+FTD->FTD,d1,o_min,m065525_o_min_ord21_rk00011,21
AD+FTD->FTD,d1,o_min,m047522_o_min_ord3_rk00008,3
AD+FTD->FTD,d1,o_min,m074533_o_min_ord30_rk00019,30
AD+FTD->FTD,d1,o_min,m070525_o_min_ord26_rk00011,26
AD+FTD->FTD,d1,o_min,m047530_o_min_ord3_rk00016,3
AD+FTD->FTD,d1,o_min,m063525_o_min_ord19_rk00011,19
AD+FTD->FTD,d1,o_min,m048526_o_min_ord4_rk00012,4
AD+FTD->FTD,d1,o_min,m063517_o_min_ord19_rk00003,19
AD+FTD->FTD,d1,o_min,m066527_o_min_ord22_rk00013,22
AD+FTD->FTD,d2,o_max,m021017_o_max_ord24_rk00018,24
AD+FTD->FTD,d2,o_max,m020018_o_max_ord23_rk00019,23
AD+FTD->FTD,d2,o_max,m025003_o_max_ord28_rk00004,28
AD+FTD->FTD,d2,o_max,m026004_o_max_ord29_rk00005,29
AD+FTD->FTD,d2,o_max,m022012_o_max_ord25_rk00013,25
AD+FTD->FTD,d2,o_max,m022016_o_max_ord25_rk00017,25
AD+FTD->FTD,d2,o_max,m019002_o_max_ord22_rk00003,22
AD+FTD->FTD,d2,o_max,m025014_o_max_ord28_rk00015,28
AD+FTD->FTD,d2,o_max,m026015_o_max_ord29_rk00016,29
AD+FTD->FTD,d2,o_max,m016017_o_max_ord19_rk00018,19
AD+FTD->FTD,d2,o_max,m023018_o_max_ord26_rk00019,26
AD+FTD->FTD,d2,o_max,m023016_o_max_ord26_rk00017,26
AD+FTD->FTD,d2,o_max,m022004_o_max_ord25_rk00005,25
AD+FTD->FTD,d2,o_max,m020003_o_max_ord23_rk00004,23
AD+FTD->FTD,d2,o_max,m019019_o_max_ord22_rk00020,22
AD+FTD->FTD,d2,o_max,m021011_o_max_ord24_rk00012,24
AD+FTD->FTD,d2,o_max,m027015_o_max_ord30_rk00016,30
AD+FTD->FTD,d2,o_max,m026003_o_max_ord29_rk00004,29
AD+FTD->FTD,d2,o_max,m023017_o_max_ord26_rk00018,26
AD+FTD->FTD,d2,o_max,m022006_o_max_ord25_rk00007,25
AD+FTD->FTD,d2,o_min,m063524_o_min_ord19_rk00010,19
AD+FTD->FTD,d2,o_min,m059522_o_min_ord15_rk00008,15
AD+FTD->FTD,d2,o_min,m072519_o_min_ord28_rk00005,28
AD+FTD->FTD,d2,o_min,m074527_o_min_ord30_rk00013,30
AD+FTD->FTD,d2,o_min,m057525_o_min_ord13_rk00011,13
AD+FTD->FTD,d2,o_min,m072532_o_min_ord28_rk00018,28
AD+FTD->FTD,d2,o_min,m048519_o_min_ord4_rk00005,4
AD+FTD->FTD,d2,o_min,m074531_o_min_ord30_rk00017,30
AD+FTD->FTD,d2,o_min,m060517_o_min_ord16_rk00003,16
AD+FTD->FTD,d2,o_min,m063530_o_min_ord19_rk00016,19
AD+FTD->FTD,d2,o_min,m054526_o_min_ord10_rk00012,10
AD+FTD->FTD,d2,o_min,m063526_o_min_ord19_rk00012,19
AD+FTD->FTD,d2,o_min,m063519_o_min_ord19_rk00005,19
AD+FTD->FTD,d2,o_min,m056529_o_min_ord12_rk00015,12
AD+FTD->FTD,d2,o_min,m073528_o_min_ord29_rk00014,29
AD+FTD->FTD,d2,o_min,m074518_o_min_ord30_rk00004,30
AD+FTD->FTD,d2,o_min,m051533_o_min_ord7_rk00019,7
AD+FTD->FTD,d2,o_min,m073519_o_min_ord29_rk00005,29
AD+FTD->FTD,d2,o_min,m049521_o_min_ord5_rk00007,5
AD+FTD->FTD,d2,o_min,m074521_o_min_ord30_rk00007,30
AD+FTD->FTD,d3,o_max,m025003_o_max_ord28_rk00004,28
AD+FTD->FTD,d3,o_max,m023018_o_max_ord26_rk00019,26
AD+FTD->FTD,d3,o_max,m024010_o_max_ord27_rk00011,27
AD+FTD->FTD,d3,o_max,m021002_o_max_ord24_rk00003,24
AD+FTD->FTD,d3,o_max,m026003_o_max_ord29_rk00004,29
AD+FTD->FTD,d3,o_max,m023012_o_max_ord26_rk00013,26
AD+FTD->FTD,d3,o_max,m026012_o_max_ord29_rk00013,29
AD+FTD->FTD,d3,o_max,m016014_o_max_ord19_rk00015,19
AD+FTD->FTD,d3,o_max,m003014_o_max_ord6_rk00015,6
AD+FTD->FTD,d3,o_max,m027011_o_max_ord30_rk00012,30
AD+FTD->FTD,d3,o_max,m023005_o_max_ord26_rk00006,26
AD+FTD->FTD,d3,o_max,m021001_o_max_ord24_rk00002,24
AD+FTD->FTD,d3,o_max,m026004_o_max_ord29_rk00005,29
AD+FTD->FTD,d3,o_max,m023013_o_max_ord26_rk00014,26
AD+FTD->FTD,d3,o_max,m024001_o_max_ord27_rk00002,27
AD+FTD->FTD,d3,o_max,m027006_o_max_ord30_rk00007,30
AD+FTD->FTD,d3,o_max,m023017_o_max_ord26_rk00018,26
AD+FTD->FTD,d3,o_max,m024009_o_max_ord27_rk00010,27
AD+FTD->FTD,d3,o_max,m021017_o_max_ord24_rk00018,24
AD+FTD->FTD,d3,o_max,m025014_o_max_ord28_rk00015,28
AD+FTD->FTD,d3,o_min,m060517_o_min_ord16_rk00003,16
AD+FTD->FTD,d3,o_min,m048518_o_min_ord4_rk00004,4
AD+FTD->FTD,d3,o_min,m062519_o_min_ord18_rk00005,18
AD+FTD->FTD,d3,o_min,m062516_o_min_ord18_rk00002,18
AD+FTD->FTD,d3,o_min,m056529_o_min_ord12_rk00015,12
AD+FTD->FTD,d3,o_min,m074531_o_min_ord30_rk00017,30
AD+FTD->FTD,d3,o_min,m058528_o_min_ord14_rk00014,14
AD+FTD->FTD,d3,o_min,m048519_o_min_ord4_rk00005,4
AD+FTD->FTD,d3,o_min,m074519_o_min_ord30_rk00005,30
AD+FTD->FTD,d3,o_min,m064526_o_min_ord20_rk00012,20
AD+FTD->FTD,d3,o_min,m048525_o_min_ord4_rk00011,4
AD+FTD->FTD,d3,o_min,m069522_o_min_ord25_rk00008,25
AD+FTD->FTD,d3,o_min,m058526_o_min_ord14_rk00012,14
AD+FTD->FTD,d3,o_min,m068526_o_min_ord24_rk00012,24
AD+FTD->FTD,d3,o_min,m067531_o_min_ord23_rk00017,23
AD+FTD->FTD,d3,o_min,m066533_o_min_ord22_rk00019,22
AD+FTD->FTD,d3,o_min,m054526_o_min_ord10_rk00012,10
AD+FTD->FTD,d3,o_min,m063530_o_min_ord19_rk00016,19
AD+FTD->FTD,d3,o_min,m070530_o_min_ord26_rk00016,26
AD+FTD->FTD,d3,o_min,m074518_o_min_ord30_rk00004,30
